--
-- Dumping data for table `location`
--

INSERT INTO `location` (`idLocation`, `nameLocation`) VALUES
('ABH', 'Aubun Hills'),
('BBN', 'Babenhausen'),
('BDN', 'Brandys'),
('CHN', 'Wuhu/Nanjing'),
('GDN', 'Guadalajara Periferico'),
('PNN', 'Penang'),
('SGP', 'Singapore'),
('TSR', 'Timisoara');

--
-- Dumping data for table `team`
--

INSERT INTO `team` (`idTeam`, `nameTeam`) VALUES
('CDH', 'Core EE'),
('CDM', 'Core ME'),
('CDS', 'Core SW'),
('EE', 'EE'),
('FT', 'FT'),
('HR', 'Human Resources'),
('ME', 'ME'),
('Mgmt', 'Mgmt'),
('PM', 'PM'),
('QA', 'QA'),
('SE', 'SE'),
('SW', 'SW');

--
-- Dumping data for table `employee`
--
INSERT INTO `employee` (`idEmployee`, `nameEmployee`, `idDirectSupervisor`, `namePicture`, `typePicture`, `sizePicture`, `idTeam`, `idLocation`, `password`, `businessUnit`, `discipline`,  `hiringDate`, `pdc`) 
VALUES ('32008961', 'CAPISTRAN GARZA JIRASH MAURICIO', '0', '0', '0', '0',  'SW', 'GDN', '32008961', '0', '0', '0', '0'),
('32000042', 'MEJIA GONZALEZ JESUS DAVID', '0', '0', '0', '0', 'SE', 'GDN', '32000042',  '0', '0', '0', '0'),
('32000058', 'SILVA BANUELOS LUIS ADAN', '0', '0', '0', '0', 'SW', 'GDN', '32000058',  '0', '0', '0', '0'),
('32007656', 'ALCARAZ ZAMUDIO ALEJANDRO', '0', '0', '0', '0','CDS', 'GDN', '32007656', '0', '0', '0', '0'),
('32007684', 'NAVARRO LIMON CARLOS EDUARDO', '0', '0', '0', '0', 'FT', 'GDN', '32007684', '0', '0', '0', '0'),
('32007895', 'OROZCO CHAVEZ JOSE', '0', '0', '0', '0',  'FT', 'GDN', '32007895', '0', '0', '0', '0'),
('32008179', 'PEREZ ESTEVES JOSUE', '0', '0', '0', '0',  'CDH', 'GDN', '32008179', '0', '0', '0', '0'),
('32008394', 'NILO RODRIGUEZ MARIELA', '0', '0', '0', '0',  'SW', 'GDN', '32008394', '0', '0', '0', '0'),
('32008397', 'ORTA CASTILLO DANIEL',  '0', '0', '0', '0', 'FT', 'GDN', '32008397', '0', '0', '0', '0'),
('32008398', 'ALEJO ARTURO',  '0', '0', '0', '0', 'SE', 'GDN', '32008398', '0', '0', '0', '0'),
('32008950', 'GARCIA ESPINOZA SERGIO', '0', '0', '0', '0',  'CDH', 'GDN', '32008950', '0', '0', '0', '0'),
('32008951', 'GONZALEZ FERNANDEZ MAURICIO',  '0', '0', '0', '0', 'FT', 'GDN', '32008951', '0', '0', '0', '0'),
('32009189', 'LA VERDE RODRIGUEZ JOSE NORBERTO',  '0', '0', '0', '0', 'CDS', 'GDN', '32009189', '0', '0', '0', '0'),
('32009190', 'CORREA CHICA JUAN CAMILO',  '0', '0', '0', '0', 'CDS', 'GDN', '32009190','0', '0', '0', '0'),
('32009476', 'TAPIA HERNANDEZ ALEJANDRO',  '0', '0', '0', '0', 'EE', 'GDN', '32009476','0', '0', '0', '0'),
('32009701', 'PRECUP TIBERIU', '0', '0', '0', '0',  'CDS', 'GDN', '32009701', '0', '0', '0', '0'),
('32009937', 'MORIMOTO SANDOVAL HIDEMI',  '0', '0', '0', '0', 'QA', 'GDN', '32009937','0', '0', '0', '0'),
('32009942', 'SILVA RODRIGUEZ WILFRIDO RIGOBERTO',  '0', '0', '0', '0', 'ME', 'GDN', '32009942', '0', '0', '0', '0'),
('32009947', 'ALVAREZ TEJEDA MIGUEL ANGEL',  '0', '0', '0', '0', 'ME', 'GDN', '32009947', '0', '0', '0', '0'),
('32009950', 'CHAPULA MENDOZA VICTOR RAMON', '0', '0', '0', '0',  'FT', 'GDN', '32009950', '0', '0', '0', '0'),
('32009953', 'REYNOSO GARCIA OSVALDO JAVIER', '0', '0', '0', '0',  'FT', 'GDN', '32009953', '0', '0', '0', '0'),
('32010152', 'MEDINA SOTELO SIMON', '0', '0', '0', '0',  'ME', 'GDN', '32010152','0', '0', '0', '0'),
('32010153', 'HERNANDEZ REVELES RICARDO', '0', '0', '0', '0',  'EE', 'GDN', '32010153', '0', '0', '0', '0'),
('32010154', 'LUNA GONZALEZ OSCAR', '0', '0', '0', '0',  'CDS', 'GDN', '32010154', '0', '0', '0', '0'),
('32010339', 'PAREDES CARDONA DAVID IVAN',  '0', '0', '0', '0', 'SW', 'GDN', '32010339','0', '0', '0', '0'),
('32010340', 'AGUILAR GUZMAN VICTOR ISAI',  '0', '0', '0', '0', 'SW', 'GDN', '32010340', '0', '0', '0', '0'),
('32010342', 'BARBA ZUBIA JORGE ANTONIO',  '0', '0', '0', '0', 'ME', 'GDN', '32010342',  '0', '0', '0', '0'),
('32010345', 'RAMIREZ CAMPOS JUAN SEBASTIAN', '0', '0', '0', '0',  'CDM', 'GDN', '32010345',  '0', '0', '0', '0'),
('32010893', 'MOLINA GARATE PAUL',  '0', '0', '0', '0', 'SW', 'GDN', '32010893', '0', '0', '0', '0'),
('32010899', 'PRECIADO MARTINEZ ERIK FRANCISCO',  '0', '0', '0', '0', 'FT', 'GDN', '32010899',  '0', '0', '0', '0'),
('32010903', 'MENDOZA DE LA TORRE ULISES',  '0', '0', '0', '0', 'CDM', 'GDN', '32010903',  '0', '0', '0', '0'),
('32011224', 'CONTRERAS GODOY JOSE ANGEL',  '0', '0', '0', '0', 'SW', 'GDN', '32011224',  '0', '0', '0', '0'),
('32012247', 'RAMIREZ SANCHEZ EARL ORLANDO', '0', '0', '0', '0',  'SW', 'GDN', '32012247',  '0', '0', '0', '0'),
('32012706', 'QUINTERO CHAVEZ ERIK',  '0', '0', '0', '0', 'ME', 'GDN', '32012706',  '0', '0', '0', '0'),
('32012739', 'GARCIA VILCHIS ROBERTO MIGUEL',  '0', '0', '0', '0', 'SW', 'GDN', '32012739', '0', '0', '0', '0'),
('32012812', 'HERNANDEZ TORRES JUAN PABLO',  '0', '0', '0', '0', 'FT', 'GDN', '32012812', '0', '0', '0', '0'),
('32013002', 'VACA PEREIRA GHIRGHI MARCELO',  '0', '0', '0', '0', 'ME', 'GDN', '32013002',  '0', '0', '0', '0'),
('32013287', 'COBOS HERNANDEZ ELI DE JESUS',  '0', '0', '0', '0', 'FT', 'GDN', '32013287',  '0', '0', '0', '0'),
('32014117', 'ORTIZ MENDOZA ABRAHAM OSIRIS',  '0', '0', '0', '0', 'FT', 'GDN', '32014117',  '0', '0', '0', '0'),
('32014119', 'OROZCO MICHEL MARCELA', '0', '0', '0', '0',  'SE', 'GDN', '32014119', '0', '0', '0', '0'),
('32014120', 'ENCISO PONCE ANHUAR DANIEL',  '0', '0', '0', '0', 'SE', 'GDN', '32014120', '0', '0', '0', '0'),
('32014127', 'LOERA GONZALEZ CARMEN GABRIELA', '0', '0', '0', '0',  'SE', 'GDN', '32014127',  '0', '0', '0', '0'),
('32017688', 'AVALOS BUENO JORDAN ABEL',  '0', '0', '0', '0', 'SW', 'GDN', '32017688',  '0', '0', '0', '0'),
('32017692', 'CAMPOS CHAVEZ CARLOS JESUS', '0', '0', '0', '0',  'SE', 'GDN', '32017692',  '0', '0', '0', '0'),
('32020309', 'JIMENEZ JIMENEZ ROSALBA', '0', '0', '0', '0',  'HR', 'GDN', '32020309',  '0', '0', '0', '0'),
('32020939', 'GONZALEZ BARBA PRISCILA',  '0', '0', '0', '0', 'SE', 'GDN', '32020939',  '0', '0', '0', '0'),
('32020942', 'RUEDA SANTOS JUAN ANTONIO',  '0', '0', '0', '0', 'FT', 'GDN', '32020942',  '0', '0', '0', '0'),
('32021330', 'MERINO NAVARRO LUIS GERARDO',  '0', '0', '0', '0', 'FT', 'GDN', '32021330',  '0', '0', '0', '0'),
('32021331', 'MONTUFAR AGUILAR DAVID ISAIAS',  '0', '0', '0', '0', 'SE', 'GDN', '32021331',  '0', '0', '0', '0'),
('32022442', 'VALADEZ GARCIA MARTHA JANETT', '0', '0', '0', '0',  'QA', 'GDN', '32022442',  '0', '0', '0', '0'),
('32411050', 'KORTRIGHT BARRERAS LUIS ALFONSO', '0', '0', '0', '0',  'PM', 'GDN', '32411050',  '0', '0', '0', '0'),
('32411318', 'CARRANZA ANGELES ALEJANDRO',  '0', '0', '0', '0', 'SW', 'GDN', '32411318',  '0', '0', '0', '0'),
('32411351', 'DOMINGUEZ AGUILAR JORGE ALBERTO', '0', '0', '0', '0', 'Mgmt', 'GDN', '32411351',  '0', '0', '0', '0');


 ------------------------------------------------------------------------------------------------
 ------------------------------------ SEGUNDA PARTE ---------------------------------------
 ------------------------------------------------------------------------------------------------
INSERT INTO `employee` (`idEmployee`, `nameEmployee`, `idDirectSupervisor`, `namePicture`, `typePicture`, `sizePicture`, `idTeam`, `idLocation`, `password`, `businessUnit`, `discipline`,  `hiringDate`, `pdc`) 
VALUES ('32411403', 'GONZALEZ LEANO CARLOS GUSTAVO',  '0', '0', '0', '0', 'PM', 'GDN', '32411403', 'N/A', 'N/A', '0000-00-00 00:00:00', 0),
('32412327', 'QUEVEDO BURGUENO ISABEL',  '0', '0', '0', '0', 'QA', 'GDN', '32412327', 'N/A', 'N/A', '0000-00-00 00:00:00', 0),
('32412373', 'DONATO MORENO JOSE ALEJANDRO',  '0', '0', '0', '0', 'PM', 'GDN', '32412373', 'N/A', 'N/A', '0000-00-00 00:00:00', 0),
('32412459', 'SANCHEZ REYNOSO MARCO ANTONIO',  '0', '0', '0', '0', 'EE', 'GDN', '32412459', 'N/A', 'N/A', '0000-00-00 00:00:00', 0),
('32415324', 'CASTRO CORTES ROBERTO CARLOS',  '0', '0', '0', '0', 'SW', 'GDN', '32415324', 'N/A', 'N/A', '0000-00-00 00:00:00', 0),
('32415379', 'FRIAS ROSALES LUIS ENRIQUE', '0', '0', '0', '0',  'SE', 'GDN', '32415379', 'N/A', 'N/A', '0000-00-00 00:00:00', 0),
('32415475', 'MONTANO ALVIZO JUAN CARLOS',  '0', '0', '0', '0', 'SW', 'GDN', '32415475', 'N/A', 'N/A', '0000-00-00 00:00:00', 0),
('32416883', 'CHAGOLLAN FLORES GUADALUPE NOHEMI', '0', '0', '0', '0',  'SW', 'GDN', '32416883', 'N/A', 'N/A', '0000-00-00 00:00:00', 0),
('32417142', 'CUELLAR VAZQUEZ SEVERIANO',  '0', '0', '0', '0', 'FT', 'GDN', '32417142', 'N/A', 'N/A', '0000-00-00 00:00:00', 0),
('32417156', 'RAMOS VAZQUEZ CE ACATL',  '0', '0', '0', '0', 'SE', 'GDN', '32417156', 'N/A', 'N/A', '0000-00-00 00:00:00', 0),
('32417397', 'GASPAR RONDAN JORGE',  '0', '0', '0', '0', 'EE', 'GDN', '32417397', 'N/A', 'N/A', '0000-00-00 00:00:00', 0),
('32417554', 'BLANCO NUNEZ FRANCISCO ARTURO',  '0', '0', '0', '0', 'QA', 'GDN', '32417554', 'N/A', 'N/A', '0000-00-00 00:00:00', 0),
('32417875', 'LOPEZ SAN VICENTE EDU BRASIL',  '0', '0', '0', '0', 'Mgmt', 'GDN', '32417875', 'N/A', 'N/A', '0000-00-00 00:00:00', 0),
('32417890', 'FERNANDEZ GUERRERO MANUEL', '0', '0', '0', '0',  'EE', 'GDN', '32417890', 'N/A', 'N/A', '0000-00-00 00:00:00', 0),
('32417903', 'ZAVALA ANGULO LIZBETH', '0', '0', '0', '0',  'QA', 'GDN', '32417903', 'N/A', 'N/A', '0000-00-00 00:00:00', 0),
('32417965', 'VELASCO FLORES JUAN PABLO',  '0', '0', '0', '0', 'Mgmt', 'GDN', '32417965', 'N/A', 'N/A', '0000-00-00 00:00:00', 0),
('32417999', 'VILLALOBOS MARTINEZ LUIS ALFREDO',  '0', '0', '0', '0', 'Mgmt', 'GDN', '32417999', 'N/A', 'N/A', '0000-00-00 00:00:00', 0),
('32418039', 'IZAGUIRRE SERRANO ALVARO',  '0', '0', '0', '0', 'SW', 'GDN', '32418039', 'N/A', 'N/A', '0000-00-00 00:00:00', 0),
('32418051', 'PADILLA LOPEZ ARTURO',  '0', '0', '0', '0', 'PM', 'GDN', '32418051', 'N/A', 'N/A', '0000-00-00 00:00:00', 0),
('32418111', 'CHAVEZ GONZALEZ EDGAR ALEJANDRO',  '0', '0', '0', '0',  'EE', 'GDN', '32418111', 'N/A', 'N/A', '0000-00-00 00:00:00', 0),
('32418226', 'AGUILA MEZA JORGE', '0', '0', '0', '0',  'CDH', 'GDN', '32418226', 'N/A', 'N/A', '0000-00-00 00:00:00', 0),
('32418239', 'PESADO SANTIAGO JOSE ALBERTO',  '0', '0', '0', '0', 'SW', 'GDN', '32418239', 'N/A', 'N/A', '0000-00-00 00:00:00', 0),
('32418287', 'CORONA MEDINA ROBERTO CARLOS',  '0', '0', '0', '0', 'QA', 'GDN', '32418287', 'N/A', 'N/A', '0000-00-00 00:00:00', 0),
('32418520', 'GANDARA AGREDANO BEDRICH ANTONIO', '0', '0', '0', '0',  'SE', 'GDN', '32418520', 'N/A', 'N/A', '0000-00-00 00:00:00', 0),
('32418632', 'MONTERO MONTES DE OCA SALVADOR',  '0', '0', '0', '0', 'CDM', 'GDN', '32418632', 'N/A', 'N/A', '0000-00-00 00:00:00', 0),
('32418687', 'FAMOSO ALVAREZ JOSE ANTONIO', '0', '0', '0', '0', 'FT', 'GDN', '32418687', 'N/A', 'N/A', '0000-00-00 00:00:00', 0),
('32418728', 'HERNANDEZ GONZALEZ ARTURO',  '0', '0', '0', '0', 'SW', 'GDN', '32418728', 'N/A', 'N/A', '0000-00-00 00:00:00', 0),
('32418901', 'LOPEZ URIARTE LUIS FERNANDO',  '0', '0', '0', '0', 'PM', 'GDN', '32418901', 'N/A', 'N/A', '0000-00-00 00:00:00', 0),
('32419039', 'CORTES FIGUEROA RICARDO',  '0', '0', '0', '0', 'QA', 'GDN', '32419039', 'N/A', 'N/A', '0000-00-00 00:00:00', 0),
('32419069', 'ZAMORA PEREZ LUIS ALBERTO',  '0', '0', '0', '0', 'SE', 'GDN', '32419069', 'N/A', 'N/A', '0000-00-00 00:00:00', 0),
('32419134', 'CASTILLO CASILLAS JOSE DAVID',  '0', '0', '0', '0', 'SE', 'GDN', '32419134', 'N/A', 'N/A', '0000-00-00 00:00:00', 0),
('32419161', 'DIAZ SANCHEZ EDGAR ALEJANDRO',  '0', '0', '0', '0', 'ME', 'GDN', '32419161', 'N/A', 'N/A', '0000-00-00 00:00:00', 0),
('32419220', 'RAMIREZ MENDEZ MARCO ANTONIO', '0', '0', '0', '0',  'SE', 'GDN', '32419220', 'N/A', 'N/A', '0000-00-00 00:00:00', 0),
('32419247', 'MANZANO ENCISO SERGIO ADAN', '0', '0', '0', '0',  'SE', 'GDN', '32419247', 'N/A', 'N/A', '0000-00-00 00:00:00', 0),
('32419249', 'RODRIGUEZ HERNANDEZ RIGOBERTO', '0', '0', '0', '0',  'FT', 'GDN', '32419249', 'N/A', 'N/A', '0000-00-00 00:00:00', 0),
('32419289', 'NAVARRO CASTELLANOS ABELARDO', '0', '0', '0', '0',  'EE', 'GDN', '32419289', 'N/A', 'N/A', '0000-00-00 00:00:00', 0),
('32419429', 'GARCIA HUERTA RICARDO ANTONIO',  '0', '0', '0', '0', 'SW', 'GDN', '32419429', 'N/A', 'N/A', '0000-00-00 00:00:00', 0),
('32419453', 'ROMERO HAROS NESTOR RUBEN',  '0', '0', '0', '0', 'EE', 'GDN', '32419453', 'N/A', 'N/A', '0000-00-00 00:00:00', 0),
('32420287', 'SANVICENTE HERRERA ALBERTO',  '0', '0', '0', '0', 'CDS', 'GDN', '32420287', 'N/A', 'N/A', '0000-00-00 00:00:00', 0),
('32420563', 'PEREZ HERNANDEZ ESAU',  '0', '0', '0', '0', 'QA', 'GDN', '32420563', 'N/A', 'N/A', '0000-00-00 00:00:00', 0),
('32420568', 'ESCOBEDO ANGEL VICTOR', '0', '0', '0', '0',  'SW', 'GDN', '32420568', 'N/A', 'N/A', '0000-00-00 00:00:00', 0),
('32420615', 'DE ANDA GONZALEZ FERNANDO',  '0', '0', '0', '0', 'ME', 'GDN', '32420615', 'N/A', 'N/A', '0000-00-00 00:00:00', 0),
('32420700', 'SOLORIO MARIN KARLA PAULINA',  '0', '0', '0', '0', 'HR', 'GDN', '32420700', 'N/A', 'N/A', '2009-01-01 00:00:00', 0),
('32420818', 'REYES MARQUEZ JORGE ALBERTO',  '0', '0', '0', '0', 'CDS', 'GDN', '32420818', 'N/A', 'N/A', '0000-00-00 00:00:00', 0),
('32420832', 'MICHEL DELGADO FRANCISCO JAVIER', '0', '0', '0', '0',  'EE', 'GDN', '32420832', 'N/A', 'N/A', '0000-00-00 00:00:00', 0),
('32420911', 'MARTIN ALVAREZ SERGIO JAIR',  '0', '0', '0', '0', 'FT', 'GDN', '32420911', 'N/A', 'N/A', '0000-00-00 00:00:00', 0),
('32421065', 'GARCIA BARRAGAN ARTURO',  '0', '0', '0', '0', 'SE', 'GDN', '32421065', 'N/A', 'N/A', '0000-00-00 00:00:00', 0),
('32421245', 'BURGENO MILLAN RAQUEL ABIGAIL',  '0', '0', '0', '0', 'HR', 'GDN', '32421245', NULL, NULL, '2009-01-01 00:00:00', 0),
('32421374', 'RAMIREZ GONZALEZ JOSE EDEN QUETZALCOATH', '0', '0', '0', '0',  'QA', 'GDN', '32421374', 'N/A', 'N/A', '0000-00-00 00:00:00', 0),
('32421685', 'RODRIGUEZ MORENO JORGE ARTURO', '0', '0', '0', '0',  'CDS', 'GDN', '32421685', 'N/A', 'N/A', '0000-00-00 00:00:00', 0),
('32421687', 'VILLARREAL GONZALEZ ALEJANDRA VANESSA',  '0', '0', '0', '0', 'SW', 'GDN', '32421687', 'N/A', 'N/A', '0000-00-00 00:00:00', 0),
('32421766', 'PEREZ RAMOS MARIO ALEJANDRO', '0', '0', '0', '0',  'Mgmt', 'GDN', '32421766', 'N/A', 'N/A', '0000-00-00 00:00:00', 0),
('32421784', 'SOLORZANO RAMIREZ SAMUEL',  '0', '0', '0', '0', 'SW', 'GDN', '32421784', 'N/A', 'N/A', '0000-00-00 00:00:00', 0),
('32421828', 'SANDOVAL CURIEL JUAN MANUEL',  '0', '0', '0', '0', 'SW', 'GDN', '32421828', 'N/A', 'N/A', '0000-00-00 00:00:00', 0),
('32421981', 'STRAUSS CRAIG BRANT', '0', '0', '0', '0',  'Mgmt', 'GDN', '32421981', 'N/A', 'N/A', '0000-00-00 00:00:00', 0),
('32422132', 'RIOS DIAZ JORGE ANTONIO',  '0', '0', '0', '0', 'EE', 'GDN', '32422132', 'N/A', 'N/A', '0000-00-00 00:00:00', 0),
('32422276', 'MINGUEZ VITAL DANIEL ISAIAS',  '0', '0', '0', '0', 'SW', 'GDN', '32422276', 'N/A', 'N/A', '0000-00-00 00:00:00', 0),
('32422277', 'SOLIS HERNANDEZ MONTEALBERTI',  '0', '0', '0', '0', 'SW', 'GDN', '32422277', 'N/A', 'N/A', '0000-00-00 00:00:00', 0),
('32422278', 'GONGORA LARA JORGE', '0', '0', '0', '0',  'SW', 'GDN', '32422278', 'N/A', 'N/A', '0000-00-00 00:00:00', 0),
('32422372', 'IXTA MEJIA JUAN', '0', '0', '0', '0',  'ME', 'GDN', '32422372', 'N/A', 'N/A', '0000-00-00 00:00:00', 0),
('32422532', 'FLORES PONCE CRISTOBAL',  '0', '0', '0', '0', 'EE', 'GDN', '32422532', 'N/A', 'N/A', '0000-00-00 00:00:00', 0),
('32422833', 'BORDA GARCIA EDUARDO',  '0', '0', '0', '0', 'SW', 'GDN', '32422833', 'N/A', 'N/A', '0000-00-00 00:00:00', 0),
('32422967', 'HIDALGO MARCOS ROBERTO PATRICIO', '0', '0', '0', '0',  'ME', 'GDN', '32422967', 'N/A', 'N/A', '0000-00-00 00:00:00', 0),
('32422979', 'ROJAS VILLANUEVA LUIS GERARDO',  '0', '0', '0', '0', 'FT', 'GDN', '32422979', 'N/A', 'N/A', '0000-00-00 00:00:00', 0),
('32423052', 'OLAGUES TORRES HECTOR GABRIEL',  '0', '0', '0', '0', 'SW', 'GDN', '32423052', 'N/A', 'N/A', '0000-00-00 00:00:00', 0),
('32423107', 'MAGANA FLORES OLIVIA',  '0', '0', '0', '0', 'FT', 'GDN', '32423107', 'N/A', 'N/A', '0000-00-00 00:00:00', 0),
('32423174', 'FLORES PALAFOX VICTOR',  '0', '0', '0', '0', 'SE', 'GDN', '32423174', 'N/A', 'N/A', '0000-00-00 00:00:00', 0),
('32423226', 'MENDOZA GUILLEN JOSE DE JESUS',  '0', '0', '0', '0', 'PM', 'GDN', '32423226', 'N/A', 'N/A', '0000-00-00 00:00:00', 0),
('32423288', 'MORA BARRETO DAVID', '0', '0', '0', '0',  'FT', 'GDN', '32423288', 'N/A', 'N/A', '0000-00-00 00:00:00', 0),
('32423324', 'HEREDIA VILLASENOR ALONSO', '0', '0', '0', '0',  'SW', 'GDN', '32423324', 'N/A', 'N/A', '0000-00-00 00:00:00', 0),
('32423325', 'SANCHEZ LOPEZ JOSE ARTURO',  '0', '0', '0', '0', 'CDM', 'GDN', '32423325', 'N/A', 'N/A', '0000-00-00 00:00:00', 0),
('32423334', 'QUIROZ DE LA MORA LUIS ERNESTO',  '0', '0', '0', '0', 'ME', 'GDN', '32423334', 'N/A', 'N/A', '0000-00-00 00:00:00', 0),
('32423378', 'MORENO SANDEZ ALEJANDRO SANDINO',  '0', '0', '0', '0', 'CDS', 'GDN', '32423378', 'N/A', 'N/A', '0000-00-00 00:00:00', 0),
('32423394', 'FIGUEROA TAMAYO AUGUSTO GUILLERMO',  '0', '0', '0', '0', 'CDM', 'GDN', '32423394', 'N/A', 'N/A', '0000-00-00 00:00:00', 0),
('32423478', 'LLAMAS SOTELO MARIA CRISTINA', '0', '0', '0', '0',  'Mgmt', 'GDN', '32423478', 'N/A', 'N/A', '0000-00-00 00:00:00', 0),
('32423522', 'TORRES AGUILAR OSCAR ADRIAN', '0', '0', '0', '0',  'EE', 'GDN', '32423522', 'N/A', 'N/A', '0000-00-00 00:00:00', 0),
('32423592', 'CASTRO MARTINEZ ALVARO',  '0', '0', '0', '0', 'FT', 'GDN', '32423592', 'N/A', 'N/A', '0000-00-00 00:00:00', 0),
('32423643', 'LOPEZ FELIX CARLOS CESAR', '0', '0', '0', '0',  'EE', 'GDN', '32423643', 'N/A', 'N/A', '0000-00-00 00:00:00', 0),
('32423691', 'VAZQUEZ MEDRANO OSCAR FABIAN',  '0', '0', '0', '0', 'FT', 'GDN', '32423691', 'N/A', 'N/A', '0000-00-00 00:00:00', 0),
('32423729', 'BERNARDO ALDANA JUAN ESTEBAN', '0', '0', '0', '0',  'SW', 'GDN', '32423729', 'N/A', 'N/A', '0000-00-00 00:00:00', 0),
('32423749', 'FIGUEROA SANTANA PABLO ENRIQUE RAMSES', '0', '0', '0', '0',  'SW', 'GDN', '32423749', 'N/A', 'N/A', '0000-00-00 00:00:00', 0),
('32423933', 'SAAVEDRA GARCIA MAURICIO',  '0', '0', '0', '0', 'FT', 'GDN', '32423933', 'N/A', 'N/A', '0000-00-00 00:00:00', 0),
('32423998', 'ARTEA GONZALEZ RODRIGO',  '0', '0', '0', '0', 'QA', 'GDN', '32423998', 'N/A', 'N/A', '0000-00-00 00:00:00', 0),
('32424126', 'RIVERA MORAN ANGEL GUSTAVO',  '0', '0', '0', '0', 'SW', 'GDN', '32424126', 'N/A', 'N/A', '0000-00-00 00:00:00', 0),
('32424127', 'HUITRADO DROMUNDO MANUEL DE JESUS',  '0', '0', '0', '0', 'SW', 'GDN', '32424127', 'N/A', 'N/A', '0000-00-00 00:00:00', 0),
('32424149', 'HERRERA MARTINEZ CARLOS ALBERTO',  '0', '0', '0', '0', 'SW', 'GDN', '32424149', 'N/A', 'N/A', '0000-00-00 00:00:00', 0),
('32424150', 'MACIEL HERNANDEZ ARNULFO MOISES',  '0', '0', '0', '0', 'FT', 'GDN', '32424150', 'N/A', 'N/A', '0000-00-00 00:00:00', 0),
('32424152', 'RIOS CORTES MARCO ANTONIO',  '0', '0', '0', '0', 'FT', 'GDN', '32424152', 'N/A', 'N/A', '0000-00-00 00:00:00', 0),
('32424155', 'CEBREROS CARRION DANIEL',  '0', '0', '0', '0', 'FT', 'GDN', '32424155', 'N/A', 'N/A', '0000-00-00 00:00:00', 0),
('32424170', 'GONZALEZ GARCIA IGNACIO ENRIQUE',  '0', '0', '0', '0', 'SW', 'GDN', '32424170', 'N/A', 'N/A', '0000-00-00 00:00:00', 0),
('32424637', 'HERNANDEZ DIAZ MANUEL',  '0', '0', '0', '0', 'CDM', 'GDN', '32424637', 'N/A', 'N/A', '0000-00-00 00:00:00', 0),
('32424688', 'ROJAS GASTELUM RAUL',  '0', '0', '0', '0', 'QA', 'GDN', '32424688', 'N/A', 'N/A', '0000-00-00 00:00:00', 0),
('32424843', 'MERCHAND ALVARADO HUMBERTO',  '0', '0', '0', '0', 'ME', 'GDN', '32424843', 'N/A', 'N/A', '0000-00-00 00:00:00', 0),
('32424894', 'VILLALON BALTAZAR OSVALDO',  '0', '0', '0', '0', 'CDS', 'GDN', '32424894', 'N/A', 'N/A', '0000-00-00 00:00:00', 0),
('32425024', 'PEREZ RAMOS MAURICIO JAVIER',  '0', '0', '0', '0', 'EE', 'GDN', '32425024', 'N/A', 'N/A', '0000-00-00 00:00:00', 0),
('32425025', 'ROMERO BANUELOS MARCO IVAN',  '0', '0', '0', '0', 'FT', 'GDN', '32425025', 'N/A', 'N/A', '0000-00-00 00:00:00', 0),
('32425029', 'RAMIREZ MONTES JORGE EVERARDO',  '0', '0', '0', '0', 'SE', 'GDN', '32425029', 'N/A', 'N/A', '0000-00-00 00:00:00', 0),
('32425123', 'GOMEZ MORA LUIS GUILLERMO',  '0', '0', '0', '0', 'SW', 'GDN', '32425123', 'N/A', 'N/A', '0000-00-00 00:00:00', 0),
('32425294', 'MARTINEZ CASTELL LUIS GABRIEL',  '0', '0', '0', '0', 'SW', 'GDN', '32425294', 'N/A', 'N/A', '0000-00-00 00:00:00', 0),
('32425364', 'ESCOBAR GARCIA ANGEL AUGUSTO',  '0', '0', '0', '0', 'CDM', 'GDN', '32425364', 'N/A', 'N/A', '0000-00-00 00:00:00', 0),
('32425375', 'RAMIREZ VILLALOBOS JORGE',  '0', '0', '0', '0', 'FT', 'GDN', '32425375', 'N/A', 'N/A', '0000-00-00 00:00:00', 0),
('32425542', 'ESPITIA OROZCO LUIS FERNANDO',  '0', '0', '0', '0', 'SE', 'GDN', '32425542', 'N/A', 'N/A', '0000-00-00 00:00:00', 0),
('32425641', 'ARVIZU SAN VICENTE OCTAVIO',  '0', '0', '0', '0', 'SW', 'GDN', '32425641', 'N/A', 'N/A', '0000-00-00 00:00:00', 0),
('32425679', 'DIAZ HERRERA JORGE LUIS',  '0', '0', '0', '0', 'QA', 'GDN', '32425679', 'N/A', 'N/A', '0000-00-00 00:00:00', 0),
('32425724', 'VALDES ARCE ENRIQUE',  '0', '0', '0', '0', 'QA', 'GDN', '32425724', 'N/A', 'N/A', '0000-00-00 00:00:00', 0),
('32426165', 'ABURTO CRESPO HIRAM',  '0', '0', '0', '0', 'ME', 'GDN', '32426165', 'N/A', 'N/A', '0000-00-00 00:00:00', 0),
('32426249', 'CORDOVA BALTAZAR CESAR',  '0', '0', '0', '0', 'SE', 'GDN', '32426249', 'N/A', 'N/A', '0000-00-00 00:00:00', 0),
('32426280', 'RIVERA MARTIN ERNESTO',  '0', '0', '0', '0', 'EE', 'GDN', '32426280', 'N/A', 'N/A', '0000-00-00 00:00:00', 0),
('32426340', 'POLANCO RODRIGUEZ MARIA ELVA', '0', '0', '0', '0',  'CDM', 'GDN', '32426340', 'N/A', 'N/A', '0000-00-00 00:00:00', 0),
('32426388', 'ENCISO BARBA QUETZALCOATL',  '0', '0', '0', '0', 'ME', 'GDN', '32426388', 'N/A', 'N/A', '0000-00-00 00:00:00', 0),
('32426451', 'PEREZ ISLAS ROBERTO',  '0', '0', '0', '0', 'EE', 'GDN', '32426451', 'N/A', 'N/A', '0000-00-00 00:00:00', 0),
('32426503', 'ORTEGA LARSEN MAURICIO',  '0', '0', '0', '0', 'CDS', 'GDN', '32426503', 'N/A', 'N/A', '0000-00-00 00:00:00', 0),
('32426523', 'NEUMANN GONZALEZ JASMIN CARMEN', '0', '0', '0', '0', 'SW', 'GDN', '32426523', 'N/A', 'N/A', '0000-00-00 00:00:00', 0),


('32426550', 'SANCHEZ RAMIREZ DIEGO ARMANDO', 'EE', 'GDN', '32426550', 'N/A', 'N/A', '0000-00-00 00:00:00', 0),
('32426561', 'GONZALEZ MARTINEZ ALEJANDRO', 'CDS', 'GDN', '32426561', 'N/A', 'N/A', '0000-00-00 00:00:00', 0),
('32426596', 'LIZARRAGA OBESO CARMEN ELIA', 'QA', 'GDN', '32426596', 'N/A', 'N/A', '0000-00-00 00:00:00', 0),
('32426792', 'LIMA GARCIA JONATHAN DANIEL', 'FT', 'GDN', '32426792', 'N/A', 'N/A', '0000-00-00 00:00:00', 0),
('32426870', 'CEDENO TORRES MOISES', 'FT', 'GDN', '32426870', 'N/A', 'N/A', '0000-00-00 00:00:00', 0),
('32426926', 'CALLAHAN OROZCO ADRIAN LAWRENCE', 'EE', 'GDN', '32426926', 'N/A', 'N/A', '0000-00-00 00:00:00', 0),
('32426927', 'BARRON LEON ROBERTO ENRIQUE', 'SW', 'GDN', '32426927', 'N/A', 'N/A', '0000-00-00 00:00:00', 0),
('32427226', 'HURTADO RODRIGUEZ FRANCISCO ALEJANDRO', 'SE', 'GDN', '32427226', 'N/A', 'N/A', '0000-00-00 00:00:00', 0),
('32427240', 'VEGA ARTEAGA ULISES SALVADOR', 'SW', 'GDN', '32427240', 'N/A', 'N/A', '0000-00-00 00:00:00', 0),
('32427438', 'RODRIGUEZ MENDEZ JUAN LUIS', 'SW', 'GDN', '32427438', 'N/A', 'N/A', '0000-00-00 00:00:00', 0),
('32427439', 'VALDIVIA NUNO JOSE ARMANDO', 'CDS', 'GDN', '32427439', 'N/A', 'N/A', '0000-00-00 00:00:00', 0),
('32427463', 'CAAMANO SALGADO VICTOR MANUEL', 'SW', 'GDN', '32427463', 'N/A', 'N/A', '0000-00-00 00:00:00', 0),
('32427517', 'VILLALVAZO CHAVEZ BENJAMIN', 'SW', 'GDN', '32427517', 'N/A', 'N/A', '0000-00-00 00:00:00', 0),
('32427762', 'ESCUTIA RUIZ GUILLERMO', 'SW', 'GDN', '32427762', 'N/A', 'N/A', '0000-00-00 00:00:00', 0),
('32427770', 'GASCON RIVERA MARIA CRISTINA', 'ME', 'GDN', '32427770', 'N/A', 'N/A', '0000-00-00 00:00:00', 0),
('32427797', 'ESPARZA HERRERA JOSE', 'SW', 'GDN', '32427797', 'N/A', 'N/A', '0000-00-00 00:00:00', 0),
('32427849', 'PEREZ LUGO ELSY GUADALUPE', 'QA', 'GDN', '32427849', 'N/A', 'N/A', '0000-00-00 00:00:00', 0),
('32427939', 'ORTEGA PEREZ RICARDO', 'SW', 'GDN', '32427939', 'N/A', 'N/A', '0000-00-00 00:00:00', 0),
('32428069', 'OROZCO SANDOVAL CARLOS IVAN', 'SW', 'GDN', '32428069', 'N/A', 'N/A', '0000-00-00 00:00:00', 0),
('32428083', 'TORRES MONTIEL ESTEBAN ALEJANDRO', 'CDS', 'GDN', '32428083', 'N/A', 'N/A', '0000-00-00 00:00:00', 0),
('32428091', 'BAUTISTA TREVINO CLAUDIA DANIELA', 'CDM', 'GDN', '32428091', 'N/A', 'N/A', '0000-00-00 00:00:00', 0),
('32428117', 'ARREOLA OCHOA GUSTAVO', 'CDS', 'GDN', '32428117', 'N/A', 'N/A', '0000-00-00 00:00:00', 0),
('32428195', 'TOLEDO SIMENTAL CESAR FRANCISCO', 'FT', 'GDN', '32428195', 'N/A', 'N/A', '0000-00-00 00:00:00', 0),
('32428290', 'AGUILAR RAZO JOSE ANTONIO', 'CDS', 'GDN', '32428290', 'N/A', 'N/A', '0000-00-00 00:00:00', 0),
('32428315', 'ESPINO OROZCO HECTOR SALVADOR', 'SW', 'GDN', '32428315', 'N/A', 'N/A', '0000-00-00 00:00:00', 0),
('32428388', 'LOERA DIAZ ROBERTO', 'EE', 'GDN', '32428388', 'N/A', 'N/A', '0000-00-00 00:00:00', 0),
('32428407', 'PIEDRAS AYALA VICENTE EVERARDO', 'SW', 'GDN', '32428407', 'N/A', 'N/A', '0000-00-00 00:00:00', 0),
('32428452', 'FIERRO VIDAL IVAN MICHAEL', 'SW', 'GDN', '32428452', 'N/A', 'N/A', '0000-00-00 00:00:00', 0),
('32428457', 'RODRIGUEZ TORRES JESUS ALFONSO', 'CDS', 'GDN', '32428457', 'N/A', 'N/A', '0000-00-00 00:00:00', 0),
('32428460', 'CHAVEZ GALAVIZ JALIL FRANCISCO', 'SW', 'GDN', '32428460', 'N/A', 'N/A', '0000-00-00 00:00:00', 0),
('32428495', 'CURIEL LOPEZ JORGE', 'CDM', 'GDN', '32428495', 'N/A', 'N/A', '0000-00-00 00:00:00', 0),
('32428509', 'SOTOMAYOR MEDINA JENNIFER', 'SE', 'GDN', '32428509', 'N/A', 'N/A', '0000-00-00 00:00:00', 0),
('32428556', 'RODRIGUEZ SILVA VICTOR EMANUEL', 'CDH', 'GDN', '32428556', 'N/A', 'N/A', '0000-00-00 00:00:00', 0),
('32428559', 'OJEDA ROSS DANIEL', 'SE', 'GDN', '32428559', 'N/A', 'N/A', '0000-00-00 00:00:00', 0),
('32428754', 'GUZMAN MUNIZ PERLA YADIRA', 'QA', 'GDN', '32428754', 'N/A', 'N/A', '0000-00-00 00:00:00', 0),
('32428835', 'GARCIA LIMON FERNANDO', 'SE', 'GDN', '32428835', 'N/A', 'N/A', '0000-00-00 00:00:00', 0),
('32428926', 'GOMEZ RUIZ JUAN FRANCISCO', 'EE', 'GDN', '32428926', 'N/A', 'N/A', '0000-00-00 00:00:00', 0),
('32428929', 'GALINDO ALVARADO SEBASTIAN', 'SW', 'GDN', '32428929', 'N/A', 'N/A', '0000-00-00 00:00:00', 0),
('32428932', 'HERNANDEZ MEJIA RICARDO', 'CDS', 'GDN', '32428932', 'N/A', 'N/A', '0000-00-00 00:00:00', 0),
('32428951', 'QUINTERO ARI ANIKCER', 'CDH', 'GDN', '32428951', 'N/A', 'N/A', '0000-00-00 00:00:00', 0),
('32428969', 'FLORES RIZO MAURICIO', 'SW', 'GDN', '32428969', 'N/A', 'N/A', '0000-00-00 00:00:00', 0),
('32429086', 'RODRIGUEZ RIVERA FERNANDO', 'CDS', 'GDN', '32429086', 'N/A', 'N/A', '0000-00-00 00:00:00', 0),
('32429137', 'ORTEGA VELA RODOLFO', 'SW', 'GDN', '32429137', 'N/A', 'N/A', '0000-00-00 00:00:00', 0),
('32429160', 'RODRIGUEZ JUAREZ MAURICIO', 'FT', 'GDN', '32429160', 'N/A', 'N/A', '0000-00-00 00:00:00', 0),
('32429213', 'MIMBELA GARCIA ALAN', 'SW', 'GDN', '32429213', 'N/A', 'N/A', '0000-00-00 00:00:00', 0),
('32429219', 'MONTES ZUMAYA ALDO FABRICIO', 'QA', 'GDN', '32429219', 'N/A', 'N/A', '0000-00-00 00:00:00', 0),
('32429247', 'CHAVOYA ACEVES JOEL ROBERTO', 'SW', 'GDN', '32429247', 'N/A', 'N/A', '0000-00-00 00:00:00', 0),
('32429273', 'VILLALPANDO OSUNA JESUS', 'EE', 'GDN', '32429273', 'N/A', 'N/A', '0000-00-00 00:00:00', 0),
('32429277', 'SALINAS MARTINEZ EDGAR', 'EE', 'GDN', '32429277', 'N/A', 'N/A', '0000-00-00 00:00:00', 0),
('32429318', 'ADAMS HOVDA REBEKAH ANN', 'Mgmt', 'GDN', '32429318', 'N/A', 'N/A', '0000-00-00 00:00:00', 0),
('32429384', 'TORRES NAVARRO GERARDO OMAR', 'SW', 'GDN', '32429384', 'N/A', 'N/A', '0000-00-00 00:00:00', 0),
('32429385', 'ORTEGA BENAVENTE JULIO CESAR', 'SW', 'GDN', '32429385', 'N/A', 'N/A', '0000-00-00 00:00:00', 0),
('32429434', 'AGUIRRE RAMOS FRANCISCO JAVIER', 'SW', 'GDN', '32429434', 'N/A', 'N/A', '0000-00-00 00:00:00', 0),
('32429498', 'RAMOS LEAL GABRIELA', 'SW', 'GDN', '32429498', 'N/A', 'N/A', '0000-00-00 00:00:00', 0),
('32429499', 'JUAREZ MURILLO CRISTIAN REMINGTON', 'SW', 'GDN', '32429499', 'N/A', 'N/A', '0000-00-00 00:00:00', 0),
('32429500', 'PRIETO ZAVALA EDUARDO MANUEL', 'SW', 'GDN', '32429500', 'N/A', 'N/A', '0000-00-00 00:00:00', 0),
('32429564', 'VALENCIA CANCHOLA DANIEL ALEJANDRO', 'SW', 'GDN', '32429564', 'N/A', 'N/A', '0000-00-00 00:00:00', 0),
('32429571', 'MARTINEZ ENCINA OMAR ALBERTO', 'SW', 'GDN', '32429571', 'N/A', 'N/A', '0000-00-00 00:00:00', 0),
('32429603', 'AGUAYO GARCIA JUAN MIGUEL', 'SW', 'GDN', '32429603', 'N/A', 'N/A', '0000-00-00 00:00:00', 0),
('32429604', 'SOLORZANO GARCIA ANA GABRIELA', 'SW', 'GDN', '32429604', 'N/A', 'N/A', '0000-00-00 00:00:00', 0),
('32429606', 'GUILLEN GONZALEZ MIGUEL', 'CDS', 'GDN', '32429606', 'N/A', 'N/A', '0000-00-00 00:00:00', 0),
('32429608', 'GURROLA MORENO MANUEL ARTURO', 'SW', 'GDN', '32429608', 'N/A', 'N/A', '0000-00-00 00:00:00', 0),
('32429612', 'HERNANDEZ DIAZ ABRAHAM', 'SW', 'GDN', '32429612', 'N/A', 'N/A', '0000-00-00 00:00:00', 0),
('32429615', 'CASTILLO PACHECO LUIS ALEJANDRO', 'CDS', 'GDN', '32429615', 'N/A', 'N/A', '0000-00-00 00:00:00', 0),
('32429775', 'DIAZ DE LEON DIAZ DE LEON LUIS ALBERTO', 'SW', 'GDN', '32429775', 'N/A', 'N/A', '0000-00-00 00:00:00', 0),
('32429786', 'RIOS CORTES ANTONIO', 'QA', 'GDN', '32429786', 'N/A', 'N/A', '0000-00-00 00:00:00', 0),
('32429805', 'PONT TORRES ISRAEL', 'FT', 'GDN', '32429805', 'N/A', 'N/A', '0000-00-00 00:00:00', 0),
('32429922', 'MARQUEZ QUEZADA GABRIELA', 'CDS', 'GDN', '32429922', 'N/A', 'N/A', '0000-00-00 00:00:00', 0),
('32429931', 'CHAVERO RAMIREZ ALFREDO', 'QA', 'GDN', '32429931', 'N/A', 'N/A', '0000-00-00 00:00:00', 0),
('32430017', 'BORONDON ANGULO LUIS FERNANDO', 'SW', 'GDN', '32430017', 'N/A', 'N/A', '0000-00-00 00:00:00', 0),
('32430077', 'SUAREZ RAMOS JOEL EDUARDO', 'FT', 'GDN', '32430077', 'N/A', 'N/A', '0000-00-00 00:00:00', 0),
('32430078', 'GONZALEZ MEDINA FRANCISCO JAVIER', 'ME', 'GDN', '32430078', 'N/A', 'N/A', '0000-00-00 00:00:00', 0),
('32430193', 'MORENO SIGALA LUCIO ESAUL', 'SW', 'GDN', '32430193', 'N/A', 'N/A', '0000-00-00 00:00:00', 0),
('32430437', 'LEDESMA CHAVEZ HUGO OCTAVIO', 'ME', 'GDN', '32430437', 'N/A', 'N/A', '0000-00-00 00:00:00', 0),
('32430509', 'BRAVO GARCIA JUAN PABLO', 'QA', 'GDN', '32430509', 'N/A', 'N/A', '0000-00-00 00:00:00', 0),
('32430707', 'MENDEZ MAYA ARTURO', 'EE', 'GDN', '32430707', 'N/A', 'N/A', '0000-00-00 00:00:00', 0),
('32430734', 'MERAZ WOO JUAN CARLOS', 'QA', 'GDN', '32430734', 'N/A', 'N/A', '0000-00-00 00:00:00', 0),
('32430785', 'MARTINEZ SANTIZ GIBRAN ROEL', 'FT', 'GDN', '32430785', 'N/A', 'N/A', '0000-00-00 00:00:00', 0),
('32430804', 'GONZALEZ CRUZ RAFAEL', 'SE', 'GDN', '32430804', 'N/A', 'N/A', '0000-00-00 00:00:00', 0),
('32430841', 'MARQUEZ GUTIERREZ EFRAIN', 'SW', 'GDN', '32430841', 'N/A', 'N/A', '0000-00-00 00:00:00', 0),
('32431054', 'SANDIGO DELGADO CLAUDIA', 'PM', 'GDN', '32431054', 'N/A', 'N/A', '0000-00-00 00:00:00', 0),
('32431055', 'TRUJILLO DE ALBA DIEGO', 'ME', 'GDN', '32431055', 'N/A', 'N/A', '0000-00-00 00:00:00', 0),
('32431107', 'CORONA SANCHEZ JUAN LUIS', 'FT', 'GDN', '32431107', 'N/A', 'N/A', '0000-00-00 00:00:00', 0),
('32431111', 'DE LA TORRE RODRIGUEZ VICTOR HUGO', 'SW', 'GDN', '32431111', 'N/A', 'N/A', '0000-00-00 00:00:00', 0),
('32431154', 'OCHOA CISNEROS JAVIER ALEJANDRO', 'CDS', 'GDN', '32431154', 'N/A', 'N/A', '0000-00-00 00:00:00', 0),
('32431155', 'ESPARZA ORTIZ JORGE ENRIQUE', 'SW', 'GDN', '32431155', 'N/A', 'N/A', '0000-00-00 00:00:00', 0),
('32431156', 'BELTRAN MARTINEZ OSCAR EDUARDO', 'SE', 'GDN', '32431156', 'N/A', 'N/A', '0000-00-00 00:00:00', 0),
('32431201', 'VELASCO SEDANO DAVID ALFONSO', 'SE', 'GDN', '32431201', 'N/A', 'N/A', '0000-00-00 00:00:00', 0),
('32431266', 'VACA SANCHEZ CESAR ANTONIO', 'SW', 'GDN', '32431266', 'N/A', 'N/A', '0000-00-00 00:00:00', 0),
('32431269', 'MAXEMIN AGUILAR JOAQUIN ERNESTO', 'FT', 'GDN', '32431269', 'N/A', 'N/A', '0000-00-00 00:00:00', 0),
('32431307', 'SANCHEZ MARES MIGUEL ANGEL', 'SW', 'GDN', '32431307', 'N/A', 'N/A', '0000-00-00 00:00:00', 0),
('32431597', 'MEDINA RENDON MELISSA', 'ME', 'GDN', '32431597', 'N/A', 'N/A', '0000-00-00 00:00:00', 0),
('32431612', 'PADILLA CUMMINGS GUILLERMO RAFAEL', 'SE', 'GDN', '32431612', 'N/A', 'N/A', '0000-00-00 00:00:00', 0),
('32431670', 'HERNANDEZ NAJERA CESIAH NAYELI', 'SE', 'GDN', '32431670', 'N/A', 'N/A', '0000-00-00 00:00:00', 0),
('32431735', 'GONZALEZ HERNANDEZ ISAAC MOISES', 'SE', 'GDN', '32431735', 'N/A', 'N/A', '0000-00-00 00:00:00', 0),
('32431846', 'GARCIA LOPEZ REYNA GUADALUPE', 'CDS', 'GDN', '32431846', 'N/A', 'N/A', '0000-00-00 00:00:00', 0),
('32431896', 'NUNO DORADO JUAN CARLOS', 'FT', 'GDN', '32431896', 'N/A', 'N/A', '0000-00-00 00:00:00', 0),
('32431899', 'RODRIGUEZ DIAZ ERICK RODOLFO', 'ME', 'GDN', '32431899', 'N/A', 'N/A', '0000-00-00 00:00:00', 0),
('32431956', 'RODEA ARAGON OSCAR', 'CDS', 'GDN', '32431956', 'N/A', 'N/A', '0000-00-00 00:00:00', 0),
('32432012', 'RODRIGUEZ SOTO ANTONIO', 'SW', 'GDN', '32432012', 'N/A', 'N/A', '0000-00-00 00:00:00', 0),
('32432053', 'ZAMUDIO VILLAGRANA MARIA DEL CARMEN', 'PM', 'GDN', '32432053', 'N/A', 'N/A', '0000-00-00 00:00:00', 0),
('32432061', 'IZQUIERDO MARTINEZ JOSE NICOLAS', 'EE', 'GDN', '32432061', 'N/A', 'N/A', '0000-00-00 00:00:00', 0),
('32432070', 'TORRES RIOS ALFREDO ITIEL', 'CDS', 'GDN', '32432070', 'N/A', 'N/A', '0000-00-00 00:00:00', 0),
('32432162', 'GALLEGOS ENRIQUEZ LUIS RICARDO', 'SW', 'GDN', '32432162', 'N/A', 'N/A', '0000-00-00 00:00:00', 0),
('32432226', 'GUERRERO INDA JOSE DE JESUS', 'ME', 'GDN', '32432226', 'N/A', 'N/A', '0000-00-00 00:00:00', 0),
('32432233', 'ALVARADO LARA RAUL ORLANDO', 'SW', 'GDN', '32432233', 'N/A', 'N/A', '0000-00-00 00:00:00', 0),
('32432238', 'RUIZ CASILLAS JOSE JAVIER', 'CDS', 'GDN', '32432238', 'N/A', 'N/A', '0000-00-00 00:00:00', 0),
('32432240', 'RIOS ALCARAZ GIBRAN', 'SW', 'GDN', '32432240', 'N/A', 'N/A', '0000-00-00 00:00:00', 0),
('32432244', 'AGUILERA HERNANDEZ JAVIER EDUARDO', 'SW', 'GDN', '32432244', 'N/A', 'N/A', '0000-00-00 00:00:00', 0),
('32432280', 'GUERRERO ALVAREZ FELIPE DE JESUS', 'ME', 'GDN', '32432280', 'N/A', 'N/A', '0000-00-00 00:00:00', 0),
('32432281', 'VEGA RODRIGUEZ JUAN CARLOS', 'EE', 'GDN', '32432281', 'N/A', 'N/A', '0000-00-00 00:00:00', 0),
('32432349', 'CERVERA MALTOS MIGUEL BENJAMIN', 'CDS', 'GDN', '32432349', 'N/A', 'N/A', '0000-00-00 00:00:00', 0),
('32432486', 'MEJIA RAMOS JUAN ADOLFO', 'SW', 'GDN', '32432486', 'N/A', 'N/A', '0000-00-00 00:00:00', 0),
('32432487', 'CASILLAS VALLE ERIKC ROBERTO', 'CDS', 'GDN', '32432487', 'N/A', 'N/A', '0000-00-00 00:00:00', 0),
('32432488', 'MEJIA HUACUZ RAUL', 'SW', 'GDN', '32432488', 'N/A', 'N/A', '0000-00-00 00:00:00', 0),
('32432489', 'CAMACHO SERRANO JOSE ISRAEL', 'SW', 'GDN', '32432489', 'N/A', 'N/A', '0000-00-00 00:00:00', 0),
('32432490', 'MERCADO RAMOS MARTHA ANGELICA', 'SW', 'GDN', '32432490', 'N/A', 'N/A', '0000-00-00 00:00:00', 0),
('32432501', 'RODRIGUEZ LUCATERO MARIA DEL ROCIO', 'SW', 'GDN', '32432501', 'N/A', 'N/A', '0000-00-00 00:00:00', 0),
('32432510', 'CARMONA ALVAREZ JOSE JUAN CARLOS', 'SW', 'GDN', '32432510', 'N/A', 'N/A', '0000-00-00 00:00:00', 0),
('32432538', 'AUDELO VALVERDE RUT', 'CDS', 'GDN', '32432538', 'N/A', 'N/A', '0000-00-00 00:00:00', 0),
('32432539', 'RODRIGUEZ MATTHEW DAVID', 'CDS', 'GDN', '32432539', 'N/A', 'N/A', '0000-00-00 00:00:00', 0),
('32432543', 'GALVAN ALDANA ALAN RAUL', 'CDS', 'GDN', '32432543', 'N/A', 'N/A', '0000-00-00 00:00:00', 0),
('32432657', 'KERSTEIN MARTINA', 'Mgmt', 'GDN', '32432657', 'N/A', 'N/A', '0000-00-00 00:00:00', 0),
('32432667', 'OLVERA NUNEZ ERICK EDUARDO', 'SW', 'GDN', '32432667', 'N/A', 'N/A', '0000-00-00 00:00:00', 0),
('32432669', 'MARRON FLORES SIDDHARTA', 'CDS', 'GDN', '32432669', 'N/A', 'N/A', '0000-00-00 00:00:00', 0),
('32432722', 'SANTIAGO RODRIGUEZ JORGE', 'FT', 'GDN', '32432722', 'N/A', 'N/A', '0000-00-00 00:00:00', 0),
('32432725', 'NAVARRO VALDES JORGE DE JESUS', 'FT', 'GDN', '32432725', 'N/A', 'N/A', '0000-00-00 00:00:00', 0),
('32432812', 'MORENO VERGEL ADRIANA LUCIA', 'SW', 'GDN', '32432812', 'N/A', 'N/A', '0000-00-00 00:00:00', 0),
('32432863', 'MADRIGAL GUZMAN GUSTAVO', 'SW', 'GDN', '32432863', 'N/A', 'N/A', '0000-00-00 00:00:00', 0),
('32432864', 'SHIMIZU CEJA YOSHIRO ALEJANDRO', 'FT', 'GDN', '32432864', 'N/A', 'N/A', '0000-00-00 00:00:00', 0),
('32432940', 'MARTIN MARIN CESAR ARNOLDO', 'CDM', 'GDN', '32432940', 'N/A', 'N/A', '0000-00-00 00:00:00', 0),
('32432946', 'CUESTA CLAROS MANUEL ENRIQUE', 'SE', 'GDN', '32432946', 'N/A', 'N/A', '0000-00-00 00:00:00', 0),
('32433004', 'GONZALEZ MARTINEZ EDGAR', 'EE', 'GDN', '32433004', 'N/A', 'N/A', '0000-00-00 00:00:00', 0),
('32433010', 'CHAVEZ GUERRA SALOMON', 'SW', 'GDN', '32433010', 'N/A', 'N/A', '0000-00-00 00:00:00', 0),
('32433059', 'ZUNIGA ARROYO EFREN MIGUEL', 'FT', 'GDN', '32433059', 'N/A', 'N/A', '0000-00-00 00:00:00', 0),
('32433062', 'DEL REY ACUNA JUAN RAFAEL', 'EE', 'GDN', '32433062', 'N/A', 'N/A', '0000-00-00 00:00:00', 0),
('32433064', 'SAINZ HERNANDEZ ALDO', 'CDM', 'GDN', '32433064', 'N/A', 'N/A', '0000-00-00 00:00:00', 0),
('32433071', 'GOMEZ MARTINEZ JOHAN', 'ME', 'GDN', '32433071', 'N/A', 'N/A', '0000-00-00 00:00:00', 0),
('32433072', 'RIVERA VEGA BOLIVAR ULISES', 'CDS', 'GDN', '32433072', 'N/A', 'N/A', '0000-00-00 00:00:00', 0),
('32433074', 'LOPEZ VEGA NYDIA ABIGAIL', 'SW', 'GDN', '32433074', 'N/A', 'N/A', '0000-00-00 00:00:00', 0),
('32433166', 'LOPEZ GOMEZ VERONICA', 'SW', 'GDN', '32433166', 'N/A', 'N/A', '0000-00-00 00:00:00', 0),
('32433278', 'LOPEZ RAMIREZ ROBERTO CARLOS', 'SE', 'GDN', '32433278', 'N/A', 'N/A', '0000-00-00 00:00:00', 0),
('32433285', 'GONZALEZ MEJIA MARTHA ISABEL', 'FT', 'GDN', '32433285', 'N/A', 'N/A', '0000-00-00 00:00:00', 0),
('32433320', 'MARTINEZ FRANCO IVAN JOEL', 'FT', 'GDN', '32433320', 'N/A', 'N/A', '0000-00-00 00:00:00', 0),
('32433331', 'OROZCO GARCIA EMMANUEL', 'EE', 'GDN', '32433331', 'N/A', 'N/A', '0000-00-00 00:00:00', 0),
('32433334', 'GONZALEZ CID RAUL', 'CDM', 'GDN', '32433334', 'N/A', 'N/A', '0000-00-00 00:00:00', 0),
('32433335', 'GOMEZ GONZALEZ IVAN JOSUE', 'SW', 'GDN', '32433335', 'N/A', 'N/A', '0000-00-00 00:00:00', 0),
('32433406', 'ARREGUIN MARTINEZ JOSE JORGE', 'SW', 'GDN', '32433406', 'N/A', 'N/A', '0000-00-00 00:00:00', 0),
('32433481', 'BARAJAS RUIZ ALBERTO', 'SW', 'GDN', '32433481', 'N/A', 'N/A', '0000-00-00 00:00:00', 0),
('32433515', 'ORTIZ CUEVA ALBERTO', 'QA', 'GDN', '32433515', 'N/A', 'N/A', '0000-00-00 00:00:00', 0),
('32433529', 'HERNANDEZ FERNANDEZ LUIS RAMON', 'FT', 'GDN', '32433529', 'N/A', 'N/A', '0000-00-00 00:00:00', 0),
('32433562', 'ODENTHAL CARSTEN', 'PM', 'GDN', '32433562', 'N/A', 'N/A', '0000-00-00 00:00:00', 0),
('32433569', 'BARRON VAZQUEZ CESAR', 'SW', 'GDN', '32433569', 'N/A', 'N/A', '0000-00-00 00:00:00', 0),
('32433570', 'PARRA ESPINOZA MIGUEL ANGEL', 'SW', 'GDN', '32433570', 'N/A', 'N/A', '0000-00-00 00:00:00', 0),
('32433692', 'ZAVALA ANGULO OSVALDO', 'CDS', 'GDN', '32433692', 'N/A', 'N/A', '0000-00-00 00:00:00', 0),
('32433695', 'BARRAGAN HERNANDEZ CESAR ALEJANDRO', 'FT', 'GDN', '32433695', 'N/A', 'N/A', '0000-00-00 00:00:00', 0),
('32433750', 'SANCHEZ LEYVA MARISOL', 'FT', 'GDN', '32433750', 'N/A', 'N/A', '0000-00-00 00:00:00', 0),
('32433751', 'SALCEDO TREJO JOSE IVAN', 'ME', 'GDN', '32433751', 'N/A', 'N/A', '0000-00-00 00:00:00', 0),
('32433755', 'LOPEZ FLORES ARTURO', 'FT', 'GDN', '32433755', 'N/A', 'N/A', '0000-00-00 00:00:00', 0),
('32433762', 'JIMENEZ ESCAMILLA ISSAC SALOMON', 'SW', 'GDN', '32433762', 'N/A', 'N/A', '0000-00-00 00:00:00', 0),
('32433766', 'SUAREZ ESCAMILLA FRANCISCO', 'SW', 'GDN', '32433766', 'N/A', 'N/A', '0000-00-00 00:00:00', 0),
('32433768', 'SOSSA MOJICA MISHELL', 'SW', 'GDN', '32433768', 'N/A', 'N/A', '0000-00-00 00:00:00', 0),
('32433777', 'REBOLLO MORALES LUIS FELIPE', 'CDS', 'GDN', '32433777', 'N/A', 'N/A', '0000-00-00 00:00:00', 0),
('32433785', 'MORETT CORONA KARLA GABRIELA', 'QA', 'GDN', '32433785', 'N/A', 'N/A', '0000-00-00 00:00:00', 0),
('32433849', 'MAGDALENO ARIAS ARTURO RAMON', 'CDS', 'GDN', '32433849', 'N/A', 'N/A', '0000-00-00 00:00:00', 0),
('32433866', 'BARAJAS CALDERON CARLOS RAFAEL', 'EE', 'GDN', '32433866', 'N/A', 'N/A', '0000-00-00 00:00:00', 0),
('32433867', 'BECERRA MONROY ALEJANDRO', 'SW', 'GDN', '32433867', 'N/A', 'N/A', '0000-00-00 00:00:00', 0),
('32434026', 'PALOMERA RODRIGUEZ ALFONSO GABRIEL', 'SW', 'GDN', '32434026', 'N/A', 'N/A', '0000-00-00 00:00:00', 0),
('32434094', 'GARIN MARTINEZ ADRIAN FRANCISCO', 'SW', 'GDN', '32434094', 'N/A', 'N/A', '0000-00-00 00:00:00', 0),
('32434095', 'GALICIA CUEVA MARCOS ISRAEL', 'SW', 'GDN', '32434095', 'N/A', 'N/A', '0000-00-00 00:00:00', 0),
('32434109', 'FLORES RANGEL DIEGO EDUARDO', 'SW', 'GDN', '32434109', 'N/A', 'N/A', '0000-00-00 00:00:00', 0),
('32434151', 'LOPEZ FLORES RICARDO', 'CDM', 'GDN', '32434151', 'N/A', 'N/A', '0000-00-00 00:00:00', 0),
('32434222', 'ALMANZA HUERTA LUIS ENRIQUE', 'ME', 'GDN', '32434222', 'N/A', 'N/A', '0000-00-00 00:00:00', 0),
('32434234', 'OSUNA ROSALES LUIS MAURICIO', 'EE', 'GDN', '32434234', 'N/A', 'N/A', '0000-00-00 00:00:00', 0),
('32434235', 'SAINZ GUTIERREZ PAUL STEFANO', 'FT', 'GDN', '32434235', 'N/A', 'N/A', '0000-00-00 00:00:00', 0),
('32434335', 'BOSSO RUIZ JESHUA', 'EE', 'GDN', '32434335', 'N/A', 'N/A', '0000-00-00 00:00:00', 0),
('32434405', 'PALACIOS MANCILLA MIGUEL DAVID', 'SW', 'GDN', '32434405', 'N/A', 'N/A', '0000-00-00 00:00:00', 0),
('32434421', 'REYES VALERIA ELIAS', 'SW', 'GDN', '32434421', 'N/A', 'N/A', '0000-00-00 00:00:00', 0),
('32434485', 'BELTRAN VALENZUELA YOLANI ISABEL', 'SW', 'GDN', '32434485', 'N/A', 'N/A', '0000-00-00 00:00:00', 0),
('32434487', 'CABANAS CASTILLO FIDEL EDUARDO', 'SW', 'GDN', '32434487', 'N/A', 'N/A', '0000-00-00 00:00:00', 0),
('32434603', 'MONROY GARCIA HECTOR MANUEL', 'SW', 'GDN', '32434603', 'N/A', 'N/A', '0000-00-00 00:00:00', 0),
('32434607', 'VELAZQUEZ VARGAS RICARDO', 'SW', 'GDN', '32434607', 'N/A', 'N/A', '0000-00-00 00:00:00', 0),
('32434609', 'CHAVARRIA COLMENERO ALDO DANIEL', 'FT', 'GDN', '32434609', 'N/A', 'N/A', '0000-00-00 00:00:00', 0),
('32434610', 'SABAS HERNANDEZ ALBERTO', 'ME', 'GDN', '32434610', 'N/A', 'N/A', '0000-00-00 00:00:00', 0),
('32434620', 'BURGOS GONZALEZ ROBERTO', 'SW', 'GDN', '32434620', 'N/A', 'N/A', '0000-00-00 00:00:00', 0),
('32434621', 'ESPINOZA SANCHEZ MARCO ANTONIO', 'SW', 'GDN', '32434621', 'N/A', 'N/A', '0000-00-00 00:00:00', 0),
('32434622', 'HERNANDEZ SOTO ALEJANDRO', 'CDS', 'GDN', '32434622', 'N/A', 'N/A', '0000-00-00 00:00:00', 0),
('32434627', 'LOPEZ APODACA DAVID ALBERTO', 'SW', 'GDN', '32434627', 'N/A', 'N/A', '0000-00-00 00:00:00', 0),
('32434654', 'ORTIZ ROMERO JOSE ALEJANDRO', 'SW', 'GDN', '32434654', 'N/A', 'N/A', '0000-00-00 00:00:00', 0),
('32434655', 'ZENDEJAS GUERRERO JACOB', 'SW', 'GDN', '32434655', 'N/A', 'N/A', '0000-00-00 00:00:00', 0),
('32434657', 'ISLAS ARREDONDO JUAN CARLOS', 'SW', 'GDN', '32434657', 'N/A', 'N/A', '0000-00-00 00:00:00', 0),
('32434658', 'DOMINGUEZ BECERRA JONATHAN EDUARDO', 'SW', 'GDN', '32434658', 'N/A', 'N/A', '0000-00-00 00:00:00', 0),
('32434659', 'MARTINEZ CORTES OSCAR ROLANDO', 'CDS', 'GDN', '32434659', 'N/A', 'N/A', '0000-00-00 00:00:00', 0),
('32434660', 'FRIAS GONZALEZ JULIAN', 'SW', 'GDN', '32434660', 'N/A', 'N/A', '0000-00-00 00:00:00', 0),
('32434661', 'AYORA GREGORIO CANTON GONZALO', 'SW', 'GDN', '32434661', 'N/A', 'N/A', '0000-00-00 00:00:00', 0),
('32434721', 'CERVANTES NAVARRO JOSE ALFREDO', 'FT', 'GDN', '32434721', 'N/A', 'N/A', '0000-00-00 00:00:00', 0),
('32434725', 'QUEVEDO PILLADO SAGRARIO CORINA', 'CDS', 'GDN', '32434725', 'N/A', 'N/A', '0000-00-00 00:00:00', 0),
('32434731', 'MORENO FLORES DAVID JESUS', 'SW', 'GDN', '32434731', 'N/A', 'N/A', '0000-00-00 00:00:00', 0),
('32434732', 'ORTIZ OROZCO RAUL', 'SW', 'GDN', '32434732', 'N/A', 'N/A', '0000-00-00 00:00:00', 0),
('32434955', 'AGUIRRE ESCOJIDO GUILLERMO', 'SW', 'GDN', '32434955', 'N/A', 'N/A', '0000-00-00 00:00:00', 0),
('32434956', 'ENCARNACION IBARRA ROBERTO', 'SW', 'GDN', '32434956', 'N/A', 'N/A', '0000-00-00 00:00:00', 0),
('32434958', 'BUENROSTRO SINSEL ANGEL ERNESTO', 'SW', 'GDN', '32434958', 'N/A', 'N/A', '0000-00-00 00:00:00', 0),
('32434960', 'CONTRERAS AVILA ABRAHAM', 'EE', 'GDN', '32434960', 'N/A', 'N/A', '0000-00-00 00:00:00', 0),
('32434968', 'RANGEL BUTANDA FRANCISCO JAVIER', 'CDS', 'GDN', '32434968', 'N/A', 'N/A', '0000-00-00 00:00:00', 0),
('32434978', 'BONALES VALENCIA JORGE ALBERTO', 'SW', 'GDN', '32434978', 'N/A', 'N/A', '0000-00-00 00:00:00', 0),
('32434983', 'RODRIGUEZ ZAVALA RUBEN', 'CDS', 'GDN', '32434983', 'N/A', 'N/A', '0000-00-00 00:00:00', 0),
('32435033', 'QUIRARTE PELAYO FRANCISCO JAVIER', 'EE', 'GDN', '32435033', 'N/A', 'N/A', '0000-00-00 00:00:00', 0),
('32435092', 'ANGULO TEJEDA JULIO CESAR', 'FT', 'GDN', '32435092', 'N/A', 'N/A', '0000-00-00 00:00:00', 0),
('32435097', 'VILLALPANDO BRAVO AURELIO ANTONIO', 'EE', 'GDN', '32435097', 'N/A', 'N/A', '0000-00-00 00:00:00', 0),
('32435098', 'SANCHEZ SILVA ALAN JESUS', 'FT', 'GDN', '32435098', 'N/A', 'N/A', '0000-00-00 00:00:00', 0),
('32435315', 'OSUNA GONZALEZ JOSE ROBERTO', 'SE', 'GDN', '32435315', 'N/A', 'N/A', '0000-00-00 00:00:00', 0),
('32435317', 'ENRIQUEZ FELIX JORGE ALLFADIR', 'FT', 'GDN', '32435317', 'N/A', 'N/A', '0000-00-00 00:00:00', 0),
('32435320', 'ARRIOLA MARTINEZ ROBERTO', 'ME', 'GDN', '32435320', 'N/A', 'N/A', '0000-00-00 00:00:00', 0),
('32435371', 'CALDERON CONTRERAS JORGE DAVID', 'SE', 'GDN', '32435371', 'N/A', 'N/A', '0000-00-00 00:00:00', 0),
('32435373', 'LOZANO TORRES JUAN CHRISTIAN ORLANDO', 'EE', 'GDN', '32435373', 'N/A', 'N/A', '0000-00-00 00:00:00', 0),
('32435494', 'ESTRADA TORRES JOSE ANTONIO', 'EE', 'GDN', '32435494', 'N/A', 'N/A', '0000-00-00 00:00:00', 0),
('32435495', 'DOMINGUEZ DOMINGUEZ RUBEN', 'FT', 'GDN', '32435495', 'N/A', 'N/A', '0000-00-00 00:00:00', 0),
('32435496', 'AVALOS FLORES JESUS ENRIQUE', 'SW', 'GDN', '32435496', 'N/A', 'N/A', '0000-00-00 00:00:00', 0),
('32435569', 'MENDEZ BAUTISTA DAVID', 'SW', 'GDN', '32435569', 'N/A', 'N/A', '0000-00-00 00:00:00', 0),
('32435570', 'ESCOBEDO MERCADO GABRIELA IVETTE', 'SW', 'GDN', '32435570', 'N/A', 'N/A', '0000-00-00 00:00:00', 0),
('32435571', 'CELIS SAUCEDO EMERSON KELVIN', 'CDS', 'GDN', '32435571', 'N/A', 'N/A', '0000-00-00 00:00:00', 0),
('32435662', 'LOPEZ GOMEZ MARIO ERNESTO', 'SW', 'GDN', '32435662', 'N/A', 'N/A', '0000-00-00 00:00:00', 0),
('32435664', 'MALDONADO FLORES LUIS ENRIQUE', 'SW', 'GDN', '32435664', 'N/A', 'N/A', '0000-00-00 00:00:00', 0),
('32435668', 'MACIEL MALDONADO ELISEO', 'SW', 'GDN', '32435668', 'N/A', 'N/A', '0000-00-00 00:00:00', 0),
('32435669', 'ROSALES VAZQUEZ OSCAR OMAR', 'FT', 'GDN', '32435669', 'N/A', 'N/A', '0000-00-00 00:00:00', 0),
('32435670', 'VILLA LOUSTAUNAU ENRIQUE RAUL', 'EE', 'GDN', '32435670', 'N/A', 'N/A', '0000-00-00 00:00:00', 0),
('32435672', 'ROMO MENDEZ DIEGO', 'SW', 'GDN', '32435672', 'N/A', 'N/A', '0000-00-00 00:00:00', 0),
('32639983', 'DURAN PINEDA EUGENIO', 'EE', 'GDN', '32639983', 'N/A', 'N/A', '0000-00-00 00:00:00', 0),
('32641224', 'SANTACRUZ MURO DANIELA', 'SE', 'GDN', '32641224', 'N/A', 'N/A', '0000-00-00 00:00:00', 0);

--
-- Dumping data for table `skill` (19 - October - 2017)
--
INSERT INTO `skill` (`idSkill`, `nameSkill`, `complexity`, `descriptionSkill`) 
VALUES (18, 'absolute origin', 0, 'root'),

INSERT INTO `skill` (`idSkill`, `nameSkill`, `complexity`, `descriptionSkill`) 
VALUES(1, 'root', 0, 'Main skills tree'),
(2, 'zSandbox', 0, 'Place to play around with creation and editing of skills'),
(3, 'Automotive', 0, 'Automotive'),
(4, 'Branches & Professional Skills', 0, 'Branches & Professional Skills'),
(5, 'Certifications', 0, 'Certifications'),
(6, 'Competencies', 0, 'Competencies'),
(7, 'Computer Science', 0, 'Computer Science'),
(8, 'Electrical Engineering', 0, 'Electrical Engineering'),
(9, 'Engineering', 0, 'Engineering'),
(10, 'Industrial Automation', 0, 'Industrial Automation'),
(11, 'IT', 0, 'IT'),
(12, 'Languages', 0, 'Languages'),
(13, 'Math', 0, 'Math'),
(14, 'Mechanical Engineering', 0, 'Mechanical Engineering'),
(15, 'Project Management', 0, 'Project Management'),
(16, 'Software Engineering', 0, 'Software Engineering'),
(17, 'SW Applications', 0, 'SW Applications'),
(1001, 'Aerospace Engineering', 0, 'Aerospace Engineering'),
(1002, 'Articifical Intelligence', 0, 'Articifical Intelligence'),
(1003, 'Auto Parts', 0, 'Auto Parts'),
(1004, 'Automation Hardware', 0, 'Automation Hardware'),
(1005, 'Biological Engineering', 0, 'Biological Engineering'),
(1006, 'Bus-Systems & Protocols', 0, 'Bus-Systems & Protocols'),
(1007, 'Chinese', 0, 'Chinese'),
(1008, 'Computation Model', 0, 'Computation Model'),
(1009, 'Computer Aided Engineering (CAE)', 0, 'Computer Aided Engineering (CAE)'),
(1010, 'Computer Vision / Image Processing', 0, 'Computer Vision / Image Processing'),
(1011, 'Control engineering', 0, 'Control engineering'),
(1012, 'Czech', 0, 'Czech'),
(1013, 'Data Analysis & Modelling', 0, 'Data Analysis & Modelling'),
(1014, 'EE Basics', 0, 'EE Basics'),
(1015, 'EE Systems Development Life Cycle', 0, 'EE Systems Development Life Cycle'),
(1016, 'Electric Motors', 0, 'Electric Motors'),
(1017, 'Electromagnetism', 0, 'Electromagnetism'),
(1018, 'Electronics', 0, 'Electronics'),
(1019, 'Embedded System Software Components', 0, 'Embedded System Software Components'),
(1020, 'English', 0, 'English'),
(1021, 'Enterprise Resource Planning', 0, 'Enterprise Resource Planning'),
(1022, 'French', 0, 'French'),
(1023, 'Game theory, economics, social and behavioral science', 0, 'Game theory, economics, social and behavioral science'),
(1024, 'German', 0, 'German'),
(1025, 'Graphics, Design, Modelling', 0, 'Graphics, Design, Modelling'),
(1026, 'IT Certification', 0, 'IT Certification'),
(1027, 'IT Hardware', 0, 'IT Hardware'),
(1028, 'IT Management & Administration', 0, 'IT Management & Administration'),
(1029, 'IT Strategy / Consulting', 0, 'IT Strategy / Consulting'),
(1030, 'Italian', 0, 'Italian'),
(1031, 'Japanese', 0, 'Japanese'),
(1032, 'Korean', 0, 'Korean'),
(1033, 'Machine Tools', 0, 'Machine Tools'),
(1034, 'Maintainance', 0, 'Maintainance'),
(1035, 'Manufacturers', 0, 'Manufacturers'),
(1036, 'Manufacturing & Logistics', 0, 'Manufacturing & Logistics'),
(1037, 'Materials', 0, 'Materials'),
(1038, 'Math Apps', 0, 'Math Apps'),
(1039, 'Mechanics', 0, 'Mechanics'),
(1040, 'Messaging - Application Communication & Data Transfer', 0, 'Messaging - Application Communication & Data Transfer'),
(1041, 'Microsoft', 0, 'Microsoft'),
(1042, 'Modeling (and abstract mathematics)', 0, 'Modeling (and abstract mathematics)'),
(1043, 'Nanotechnology', 0, 'Nanotechnology'),
(1044, 'Network-attached storage (NAS)', 0, 'Network-attached storage (NAS)'),
(1045, 'Networks', 0, 'Networks'),
(1046, 'Numerics', 0, 'Numerics'),
(1047, 'Operating Systems', 0, 'Operating Systems'),
(1048, 'Optoelectronics', 0, 'Optoelectronics'),
(1049, 'Polish', 0, 'Polish'),
(1050, 'Power Engineering', 0, 'Power Engineering'),
(1051, 'Probability Theory and Stochastic Processes', 0, 'Probability Theory and Stochastic Processes'),
(1052, 'Production', 0, 'Production'),
(1053, 'Professional Skills', 0, 'Professional Skills'),
(1054, 'Project Management Certification', 0, 'Project Management Certification'),
(1055, 'Project Management SW', 0, 'Project Management SW'),
(1056, 'Russian', 0, 'Russian'),
(1057, 'SAP', 0, 'SAP'),
(1058, 'Security', 0, 'Security'),
(1059, 'Server Applications & Hosting', 0, 'Server Applications & Hosting'),
(1060, 'Signal Processing', 0, 'Signal Processing'),
(1061, 'Social Skill', 0, 'Social Skill'),
(1062, 'Software Development', 0, 'Software Development'),
(1063, 'Spanish', 0, 'Spanish'),
(1064, 'Statistics', 0, 'Statistics'),
(1065, 'Support', 0, 'Support'),
(1066, 'SW Standards', 0, 'SW Standards'),
(1067, 'Systems / Software Development Life Cycle', 0, 'Systems / Software Development Life Cycle'),
(1068, 'Systems Development Life Cycle', 0, 'Systems Development Life Cycle'),
(1069, 'Systems Engineering', 0, 'Systems Engineering'),
(1070, 'Telecommunication', 0, 'Telecommunication'),
(1071, 'Thermal Engineering', 0, 'Thermal Engineering'),
(2001, 'AC Motor', 0, 'AC Motor'),
(2002, 'Ansys', 0, 'Ansys'),
(2003, 'Application Protocol', 0, 'Application Protocol'),
(2004, 'Autodesk Moldflow', 0, 'Autodesk Moldflow'),
(2005, 'AutoSAR', 0, 'AutoSAR'),
(2006, 'AutoSAR CESSAR', 0, 'AutoSAR CESSAR'),
(2007, 'Biology', 0, 'Biology'),
(2008, 'BMW', 0, 'BMW'),
(2009, 'Business Intelligence & Reporting', 0, 'Business Intelligence & Reporting'),
(2010, 'Bus-Systems', 0, 'Bus-Systems'),
(2011, 'Capability Maturity Model Integration (CMMI)', 0, 'Capability Maturity Model Integration (CMMI)'),
(2012, 'Circuits', 0, 'Circuits'),
(2013, 'CISCO', 0, 'CISCO'),
(2014, 'CNC Machining', 0, 'CNC Machining'),
(2015, 'Communication & Collaboration', 0, 'Communication & Collaboration'),
(2016, 'Telecomunication Components', 0, 'Telecomunication Components'),
(2017, 'Computer', 0, 'Computer'),
(2018, 'Computer Aided Design (CAD)', 0, 'Computer Aided Design (CAD)'),
(2019, 'Computer Aided Manufacturing (CAM)', 0, 'Computer Aided Manufacturing (CAM)'),
(2020, 'Computer Algebra System (CAS)', 0, 'Computer Algebra System (CAS)'),
(2021, 'Computer Animation', 0, 'Computer Animation'),
(2022, 'Computer Fluid Dynamics (CFD)', 0, 'Computer Fluid Dynamics (CFD)'),
(2023, 'Computing Input /Output Devices', 0, 'Computing Input /Output Devices'),
(2024, 'Configuration Management', 0, 'Configuration Management'),
(2025, 'Conflict Management', 0, 'Conflict Management'),
(2026, 'Consulting skills', 0, 'Consulting skills'),
(2027, 'Control Applications', 0, 'Control Applications'),
(2028, 'Control Theory', 0, 'Control Theory'),
(2029, 'Controllers', 0, 'Controllers'),
(2030, 'Data', 0, 'Data'),
(2031, 'Data Mining', 0, 'Data Mining'),
(2032, 'Data Storage, Backup & Recovery', 0, 'Data Storage, Backup & Recovery'),
(2033, 'Data Transfer', 0, 'Data Transfer'),
(2034, 'Database', 0, 'Database'),
(2035, 'DC Motor', 0, 'DC Motor'),
(2036, 'Defect Prevention', 0, 'Defect Prevention'),
(2037, 'Design', 0, 'Design'),
(2038, 'Design of experiments', 0, 'Design of experiments'),
(2039, 'Desktop', 0, 'Desktop'),
(2040, 'Development Process (ASPICE)', 0, 'Development Process (ASPICE)'),
(2041, 'Diagnostics', 0, 'Diagnostics'),
(2042, 'Digital signal processing', 0, 'Digital signal processing'),
(2043, 'Electrical circuits', 0, 'Electrical circuits'),
(2044, 'Electrical element/Semiconductors', 0, 'Electrical element/Semiconductors'),
(2045, 'Electromagnetic spectrum', 0, 'Electromagnetic spectrum'),
(2046, 'Electronic Computer-Aided Design (ECAD)', 0, 'Electronic Computer-Aided Design (ECAD)'),
(2047, 'Electronic Parts', 0, 'Electronic Parts'),
(2048, 'Electrostatics', 0, 'Electrostatics'),
(2049, 'Embedded', 0, 'Embedded'),
(2050, 'Embedded Systems', 0, 'Embedded Systems'),
(2051, 'Encryption', 0, 'Encryption'),
(2052, 'Engineering Modelling', 0, 'Engineering Modelling'),
(2053, 'Enterprise Resource Planning (ERP)', 0, 'Enterprise Resource Planning (ERP)'),
(2054, 'Feature Detection', 0, 'Feature Detection'),
(2055, 'Fiat Chrysler', 0, 'Fiat Chrysler'),
(2056, 'Filtering', 0, 'Filtering'),
(2057, 'Finite-State Machine', 0, 'Finite-State Machine'),
(2058, 'Firewall', 0, 'Firewall'),
(2059, 'Fixed Networks', 0, 'Fixed Networks'),
(2060, 'Fluid Mechanics', 0, 'Fluid Mechanics'),
(2061, 'Ford', 0, 'Ford'),
(2062, 'General Motors (GM)', 0, 'General Motors (GM)'),
(2063, 'Raster Graphics', 0, 'Rasters are dot-matrix data structures'),
(2064, 'Hardware Components', 0, 'Hardware Components'),
(2065, 'Heating, Ventilation and Air Conditioning', 0, 'Heating, Ventilation and Air Conditioning'),
(2066, 'Human-Machine Interface (HMI)', 0, 'Human-Machine Interface (HMI)'),
(2067, 'Industrial Automation Applications', 0, 'Industrial Automation Applications'),
(2068, 'Inference from stochastic processes', 0, 'Inference from stochastic processes'),
(2069, 'Information Management System', 0, 'Information Management System'),
(2070, 'Installation', 0, 'Installation'),
(2071, 'Interior', 0, 'Interior'),
(2072, 'Internet of Things (IoT)', 0, 'Internet of Things (IoT)'),
(2073, 'Interviewing Skills', 0, 'Interviewing Skills'),
(2074, 'IT Support', 0, 'IT Support'),
(2075, 'Jira', 0, 'Jira'),
(2076, 'Kinematics', 0, 'Kinematics'),
(2077, 'Leadership', 0, 'Leadership'),
(2078, 'Machine Learning', 0, 'Machine Learning'),
(2079, 'Machine Vision', 0, 'Machine Vision'),
(2080, 'Machines', 0, 'Machines'),
(2081, 'Manufacturing Execution Systems (MES)', 0, 'Manufacturing Execution Systems (MES)'),
(2082, 'Mathematical finance', 0, 'Mathematical finance'),
(2083, 'Mathematical Modelling', 0, 'Mathematical Modelling'),
(2084, 'Microcontroller SW', 0, 'Microcontroller SW'),
(2085, 'Microsoft Certification', 0, 'Microsoft Certification'),
(2086, 'Microsoft Office Applications', 0, 'Microsoft Office Applications'),
(2087, 'MISRA', 0, 'MISRA'),
(2088, 'Mobile', 0, 'Mobile'),
(2089, 'Mobile Networks', 0, 'Mobile Networks'),
(2090, 'Model-Based Systems Engineering (MBSE)', 0, 'Model-Based Systems Engineering (MBSE)'),
(2091, 'Motor Controller', 0, 'Motor Controller'),
(2092, 'MS Project', 0, 'MS Project'),
(2093, 'Multibody system (MBD)', 0, 'Multibody system (MBD)'),
(2094, 'Multimeter', 0, 'Multimeter'),
(2095, 'Network Components', 0, 'Network Components'),
(2096, 'Nissan', 0, 'Nissan'),
(2097, 'Numerical linear algebra', 0, 'Numerical linear algebra'),
(2098, 'Operations', 0, 'Operations'),
(2099, 'Oscilloscope', 0, 'Oscilloscope'),
(2100, 'Out-of-band management', 0, 'Out-of-band management'),
(2101, 'Partial differential equations', 0, 'Partial differential equations'),
(2102, 'Physics', 0, 'Physics'),
(2103, 'Plastic', 0, 'Plastic'),
(2104, 'Platforms', 0, 'Platforms'),
(2105, 'PMI', 0, 'PMI'),
(2106, 'PMI Certified Associate in Project Management (CAPM)', 0, 'PMI Certified Associate in Project Management (CAPM)'),
(2107, 'PMI Project Management Professional (PMP)', 0, 'PMI Project Management Professional (PMP)'),
(2108, 'Power Generation', 0, 'Power Generation'),
(2109, 'Powertrain and Chassis', 0, 'Powertrain and Chassis'),
(2110, 'Processes', 0, 'Processes'),
(2111, 'Production & Quality Management', 0, 'Production & Quality Management'),
(2112, 'Production Process', 0, 'Production Process'),
(2113, 'Production Standards', 0, 'Production Standards'),
(2114, 'Production Technology', 0, 'Production Technology'),
(2115, 'Programming Languages & Frameworks', 0, 'Programming Languages & Frameworks'),
(2116, 'Project Risk Management', 0, 'Project Risk Management'),
(2117, 'Protocols', 0, 'Protocols'),
(2118, 'Quality Control', 0, 'Quality Control'),
(2119, 'Renault', 0, 'Renault'),
(2120, 'Robotics', 0, 'Robotics'),
(2121, 'SAP BASIS', 0, 'SAP BASIS'),
(2122, 'SAP Certification', 0, 'SAP Certification'),
(2123, 'SAP-Modules', 0, 'SAP-Modules'),
(2124, 'Satellite Communication / Positioning', 0, 'Satellite Communication / Positioning'),
(2125, 'Server', 0, 'Server'),
(2126, 'Server OS', 0, 'Server OS'),
(2127, 'Server Support', 0, 'Server Support'),
(2128, 'Simulation & Optimisation', 0, 'Simulation & Optimisation'),
(2129, 'Simulation & Testing', 0, 'Simulation & Testing'),
(2130, 'Six Sigma', 0, 'Six Sigma'),
(2131, 'SMK (Software Development Process)', 0, 'SMK (Software Development Process)'),
(2132, 'Softw.Integr.,Developm.& Interfaces', 0, 'Softw.Integr.,Developm.& Interfaces'),
(2133, 'Software Design Pattern', 0, 'Software Design Pattern'),
(2134, 'Soldering', 0, 'Soldering'),
(2135, 'Statistical Software', 0, 'Statistical Software'),
(2136, 'Strategy / Consulting', 0, 'Strategy / Consulting'),
(2137, 'Structural analysis', 0, 'Structural analysis'),
(2138, 'Structural Analysis SW', 0, 'Structural Analysis SW'),
(2139, 'Styles of Computing', 0, 'Styles of Computing'),
(2140, 'SW Testing', 0, 'SW Testing'),
(2141, 'System Properties', 0, 'System Properties'),
(2142, 'Tata', 0, 'Tata'),
(2143, 'Thermodynamics', 0, 'Thermodynamics'),
(2144, 'Tools (embedded software)', 0, 'Tools (embedded software)'),
(2145, 'Tools (software)', 0, 'Tools (software)'),
(2146, 'Tools and Programming', 0, 'Tools and Programming'),
(2147, 'Toyota', 0, 'Toyota'),
(2148, 'Transmission', 0, 'Transmission'),
(2149, 'Virtualisation', 0, 'Virtualisation'),
(2150, 'Volkswagen (VW)', 0, 'Volkswagen (VW)'),
(2151, 'Volvo', 0, 'Volvo'),
(2152, 'Webhosting - Operation & Systemprogr', 0, 'Webhosting - Operation & Systemprogr'),
(2153, 'Wireless Networks', 0, 'Wireless Networks'),
(2154, 'Work Management', 0, 'Work Management'),
(3001, '2D Modeling', 0, '2D Modeling'),
(3002, '3D Modeling', 0, '3D Modeling'),
(3003, 'Adobe Illustrator', 0, 'Adobe Illustrator'),
(3004, 'Adobe Lightroom', 0, 'Adobe Lightroom'),
(3005, 'Adobe Photoshop', 0, 'Adobe Photoshop'),
(3006, 'Agile Development', 0, 'Agile Development'),
(3007, 'Algorithms', 0, 'Algorithms'),
(3008, 'Altium Designer', 0, 'Altium Designer'),
(3009, 'Analog filter', 0, 'Analog filter'),
(3010, 'Android', 0, 'Android'),
(3011, 'ANSYS Fluent', 0, 'ANSYS Fluent'),
(3012, 'ANSYS Mechanical', 0, 'ANSYS Mechanical'),
(3013, 'Ansys Workbench', 0, 'Ansys Workbench'),
(3014, 'Antennas', 0, 'Antennas'),
(3015, 'Apache', 0, 'Apache'),
(3016, 'Application Lifecycle Management', 0, 'Application Lifecycle Management'),
(3017, 'Applications & Operating Systems', 0, 'Applications & Operating Systems'),
(3018, 'Assistance System', 0, 'Assistance System'),
(3019, 'AutoCAD', 0, 'AutoCAD'),
(3020, 'Autodesk Inventor', 0, 'Autodesk Inventor'),
(3021, 'Autodesk Maya', 0, 'Autodesk Maya'),
(3022, 'Automotive Buses', 0, 'Automotive Buses'),
(3023, 'Automotive Systems', 0, 'Automotive Systems'),
(3024, 'Backup/Restore/Archive Management', 0, 'Backup/Restore/Archive Management'),
(3025, 'Big Data', 0, 'Big Data'),
(3026, 'Blender', 0, 'Blender'),
(3027, 'Braking System', 0, 'Braking System'),
(3028, 'Cadence Allegro', 0, 'Cadence Allegro'),
(3029, 'Cadence Orcad', 0, 'Cadence Orcad'),
(3030, 'Calibration & Configuration', 0, 'Calibration & Configuration'),
(3031, 'CAMWorks', 0, 'CAMWorks'),
(3032, 'Car Seat', 0, 'Car Seat'),
(3033, 'Casting', 0, 'Casting'),
(3034, 'Certified Network Associate (CCNA)', 0, 'Certified Network Associate (CCNA)'),
(3035, 'Chrysler', 0, 'Chrysler'),
(3036, 'Circuit', 0, 'Circuit'),
(3037, 'Circuit Boards', 0, 'Circuit Boards'),
(3038, 'Cloud Computing', 0, 'Cloud Computing'),
(3039, 'Cockpit', 0, 'Cockpit'),
(3040, 'Cognex InSight', 0, 'Cognex InSight'),
(3041, 'Common-Languages', 0, 'Common-Languages'),
(3042, 'Continental Leadership Entry Program (LEP)', 0, 'Continental Leadership Entry Program (LEP)'),
(3043, 'Continuous Integration', 0, 'Continuous Integration'),
(3044, 'Cooling', 0, 'Cooling'),
(3045, 'CorelDRAW', 0, 'CorelDRAW'),
(3046, 'Corporate finance', 0, 'Corporate finance'),
(3047, 'Creo', 0, 'Creo'),
(3048, 'Dassault CATIA', 0, 'Dassault CATIA'),
(3049, 'Data Analytics', 0, 'Data Analytics'),
(3050, 'Data compression', 0, 'Data compression'),
(3051, 'Data Storage', 0, 'Data Storage'),
(3052, 'Design Data Management', 0, 'Design Data Management'),
(3053, 'Design for Production', 0, 'Design for Production'),
(3054, 'Digital image', 0, 'Digital image'),
(3055, 'Direct Memory Access||DMA||', 0, 'Direct Memory Access||DMA||'),
(3056, 'Displays', 0, 'Displays'),
(3057, 'Documentation', 0, 'Documentation'),
(3058, 'DTC', 0, 'DTC'),
(3059, 'EAGLE', 0, 'EAGLE'),
(3060, 'Electric charge', 0, 'Electric charge'),
(3061, 'Electrical Supply System', 0, 'Electrical Supply System'),
(3062, 'Electrical Testing', 0, 'Electrical Testing'),
(3063, 'Electronics Buses', 0, 'Electronics Buses'),
(3064, 'Embedded Linux', 0, 'Embedded Linux'),
(3065, 'Embedded Programming', 0, 'Embedded Programming'),
(3066, 'Emulators', 0, 'Emulators'),
(3067, 'Engine', 0, 'Engine'),
(3068, 'Engine Components and Parts', 0, 'Engine Components and Parts'),
(3069, 'Failure Analysis', 0, 'Failure Analysis'),
(3070, 'Fiat', 0, 'Fiat'),
(3071, 'Finite Element Method (FEA)', 0, 'Finite Element Method (FEA)'),
(3072, 'Flash (FLS)', 0, 'Flash (FLS)'),
(3073, 'Flexsim', 0, 'Flexsim'),
(3074, 'Forming', 0, 'Forming'),
(3075, 'FreeRTOS', 0, 'FreeRTOS'),
(3076, 'FTP Server', 0, 'FTP Server'),
(3077, 'Fuel Supply System', 0, 'Fuel Supply System'),
(3078, 'Game Engines', 0, 'Game Engines'),
(3079, 'Generic Programming', 0, 'Generic Programming'),
(3080, 'Geometric Dimensioning and Tolerancing (GD&T)', 0, 'Geometric Dimensioning and Tolerancing (GD&T)'),
(3081, 'GIMP (Gnu Image Manipulation Program)', 0, 'GIMP (Gnu Image Manipulation Program)'),
(3082, 'Gluing', 0, 'Gluing'),
(3083, 'Graphical User Interface (GUI)', 0, 'Graphical User Interface (GUI)'),
(3084, 'Graphics', 0, 'Graphics'),
(3085, 'Graphics Display Controller (GDC)', 0, 'Graphics Display Controller (GDC)'),
(3086, 'Graphics Virtualization', 0, 'Graphics Virtualization'),
(3087, 'Green Hills Multi IDE', 0, 'Green Hills Multi IDE'),
(3088, 'Heating', 0, 'Heating'),
(3089, 'Heating, Ventilation and Air Conditioning (HVAC)', 0, 'Heating, Ventilation and Air Conditioning (HVAC)'),
(3090, 'HMI', 0, 'HMI'),
(3091, 'Hydraulics', 0, 'Hydraulics'),
(3092, 'IBM General Parallel File System (GPFS)', 0, 'IBM General Parallel File System (GPFS)'),
(3093, 'IBM AIX', 0, 'IBM Operating System'),
(3094, 'IBM z/OS', 0, 'IBM z/OS'),
(3095, 'Image Sensors', 0, 'Image Sensors'),
(3096, 'Impedance', 0, 'Impedance'),
(3097, 'Incident Management', 0, 'Incident Management'),
(3098, 'Industrial Automation Languages', 0, 'Industrial Automation Languages'),
(3099, 'Industry', 0, 'Industry'),
(3100, 'Integrated Circuits', 0, 'Integrated Circuits'),
(3101, 'Integrated Development Environment', 0, 'Integrated Development Environment'),
(3102, 'Integrated Development Environment (embedded)', 0, 'Integrated Development Environment (embedded)'),
(3103, 'Intel AMT', 0, 'Intel AMT'),
(3104, 'Inverter', 0, 'Inverter'),
(3105, 'iOS', 0, 'iOS'),
(3106, 'IT Service Management (ITSM)', 0, 'IT Service Management (ITSM)'),
(3107, 'Kalman Filter', 0, 'Kalman Filter'),
(3108, 'Laser', 0, 'Laser'),
(3109, 'Laser Marking', 0, 'Laser Marking'),
(3110, 'Law', 0, 'Law'),
(3111, 'Lean Manufacturing', 0, 'Lean Manufacturing'),
(3112, 'Light', 0, 'Light'),
(3113, 'Light-Emitting Diode (LED)', 0, 'Light-Emitting Diode (LED)'),
(3114, 'Lighting and Signaling System', 0, 'Lighting and Signaling System'),
(3115, 'Linux', 0, 'Linux'),
(3116, 'Linux - RedHat', 0, 'Linux - RedHat'),
(3117, 'Linux - Ubuntu', 0, 'Linux - Ubuntu'),
(3118, 'Local Interconnect Network (LIN)', 0, 'Local Interconnect Network (LIN)'),
(3119, 'logi.CAD', 0, 'logi.CAD'),
(3120, 'Lotus Notes', 0, 'Lotus Notes'),
(3121, 'Markov processes', 0, 'Markov processes'),
(3122, 'Master Data', 0, 'Master Data'),
(3123, 'MasterCAM', 0, 'MasterCAM'),
(3124, 'MathCAD', 0, 'MathCAD'),
(3125, 'Matlab', 0, 'Matlab'),
(3126, 'Memory / Storage', 0, 'Memory / Storage'),
(3127, 'Mentor Graphics Design Architect IC', 0, 'Mentor Graphics Design Architect IC'),
(3128, 'Mentor Graphics Xpedition', 0, 'Mentor Graphics Xpedition'),
(3129, 'Microcontroller', 0, 'Microcontroller'),
(3130, 'Microcontroller Abstraction Layer (MCAL)', 0, 'Microcontroller Abstraction Layer (MCAL)'),
(3131, 'Microprocessor', 0, 'Microprocessor'),
(3132, 'Microsoft Certified Professional', 0, 'Microsoft Certified Professional'),
(3133, 'Microsoft Certified Professional Developer (MCPD)', 0, 'Microsoft Certified Professional Developer (MCPD)'),
(3134, 'Mills', 0, 'Mills'),
(3135, 'Minitab', 0, 'Minitab'),
(3136, 'Mobile Apps', 0, 'Mobile Apps'),
(3137, 'Mobile Devices', 0, 'Mobile Devices'),
(3138, 'Model Based Development ', 0, 'Model Based Development '),
(3139, 'Modulation', 0, 'Modulation'),
(3140, 'Molding', 0, 'Molding'),
(3141, 'Motion Sensing', 0, 'Motion Sensing'),
(3142, 'MS Excel', 0, 'MS Excel'),
(3143, 'MS Outlook', 0, 'MS Outlook'),
(3144, 'MS PowerPoint', 0, 'MS PowerPoint'),
(3145, 'MS Sharepoint', 0, 'MS Sharepoint'),
(3146, 'MS Visio', 0, 'MS Visio'),
(3147, 'MS Windows Server', 0, 'MS Windows Server'),
(3148, 'MS Windows Server 2008', 0, 'MS Windows Server 2008'),
(3149, 'MS Word', 0, 'MS Word'),
(3150, 'Multithreading', 0, 'Multithreading'),
(3151, 'National Instruments PXI', 0, 'National Instruments PXI'),
(3152, 'Navigation', 0, 'Navigation'),
(3153, 'Network Administration', 0, 'Network Administration'),
(3154, 'Neural Networks', 0, 'Neural Networks'),
(3155, 'No-SQL', 0, 'No-SQL'),
(3156, 'Numerical methods', 0, 'Numerical methods'),
(3157, 'Object Oriented Analysis and Design (OOPS)', 0, 'Object Oriented Analysis and Design (OOPS)'),
(3158, 'Object-oriented programming', 0, 'Object-oriented programming'),
(3159, 'Opel', 0, 'Opel'),
(3160, 'Optical fiber', 0, 'Optical fiber'),
(3161, 'Optical Simulation', 0, 'Optical Simulation'),
(3162, 'OrCAD EE Pspice', 0, 'OrCAD EE Pspice'),
(3163, 'OS X', 0, 'OS X'),
(3164, 'OSEK-OS', 0, 'OSEK-OS'),
(3165, 'Other Programming Languages', 0, 'Other Programming Languages'),
(3166, 'Parallel Programming', 0, 'Parallel Programming'),
(3167, 'Pattern Recognition', 0, 'Pattern Recognition'),
(3168, 'Peripherals', 0, 'Peripherals'),
(3169, 'Pneumatics', 0, 'Pneumatics'),
(3170, 'Positive feedback', 0, 'Positive feedback'),
(3171, 'Printing', 0, 'Printing'),
(3172, 'Production Part Approval Process (PPAP)', 0, 'Production Part Approval Process (PPAP)'),
(3173, 'Programmable Logic Device (PLD)', 0, 'Programmable Logic Device (PLD)'),
(3174, 'QNX', 0, 'QNX'),
(3175, 'Quality Management', 0, 'Quality Management'),
(3176, 'R', 0, 'R'),
(3177, 'Radio Frequency', 0, 'Radio Frequency'),
(3178, 'Raspberry Pi', 0, 'Raspberry Pi'),
(3179, 'Realtime Embedded Systems', 0, 'Realtime Embedded Systems'),
(3180, 'Realtime Operating System (RTOS)', 0, 'Realtime Operating System (RTOS)'),
(3181, 'Remote Desktop Protocol (RDP)', 0, 'Remote Desktop Protocol (RDP)'),
(3182, 'Rockwell RSLogix ', 0, 'Rockwell RSLogix '),
(3183, 'Sampling', 0, 'Sampling'),
(3184, 'SAP NPP', 0, 'SAP NPP'),
(3185, 'SAP PDM (Product Data Managment)', 0, 'SAP PDM (Product Data Managment)'),
(3186, 'SAS', 0, 'SAS'),
(3187, 'Scanner', 0, 'Scanner'),
(3188, 'Scilab', 0, 'Scilab'),
(3189, 'Scripting', 0, 'Scripting'),
(3190, 'Sensor', 0, 'Sensor'),
(3191, 'Sensors', 0, 'Sensors'),
(3192, 'Siemens NX', 0, 'Siemens NX'),
(3193, 'Siemens Step 7 ', 0, 'Siemens Step 7 '),
(3194, 'Simulation', 0, 'Simulation'),
(3195, 'Simulink', 0, 'Simulink'),
(3196, 'Software', 0, 'Software'),
(3197, 'Software Development Life Cycle', 0, 'Software Development Life Cycle'),
(3198, 'Solar Energy', 0, 'Solar Energy'),
(3199, 'SolidWorks', 0, 'SolidWorks'),
(3200, 'SQL', 0, 'SQL'),
(3201, 'SQLite', 0, 'SQLite'),
(3202, 'SSH (Secure Shell)', 0, 'SSH (Secure Shell)'),
(3203, 'Standards', 0, 'Standards'),
(3204, 'Statistical methods', 0, 'Statistical methods'),
(3205, 'Stepper Motor', 0, 'Stepper Motor'),
(3206, 'Storage Management', 0, 'Storage Management'),
(3207, 'Supply Chain', 0, 'Supply Chain'),
(3208, 'SW Requirements Engineering & Gathering', 0, 'SW Requirements Engineering & Gathering'),
(3209, 'System Design & Development', 0, 'System Design & Development'),
(3210, 'System on a Chip (SOC)', 0, 'System on a Chip (SOC)'),
(3211, 'Systems', 0, 'Systems'),
(3212, 'Test Management', 0, 'Test Management'),
(3213, 'Testing', 0, 'Testing'),
(3214, 'Testing & Verification, Debugging', 0, 'Testing & Verification, Debugging'),
(3215, 'Testing Methods', 0, 'Testing Methods'),
(3216, 'Thermal management', 0, 'Thermal management'),
(3217, 'Thermodynamics Basics', 0, 'Thermodynamics Basics'),
(3218, 'Tomcat', 0, 'Tomcat'),
(3219, 'Tools (SW testing)', 0, 'Tools (SW testing)'),
(3220, 'Tools and Development', 0, 'Tools and Development'),
(3221, 'Transceiver', 0, 'Transceiver'),
(3222, 'Transmission line', 0, 'Transmission line'),
(3223, 'Transport Layer', 0, 'Transport Layer'),
(3224, 'UML', 0, 'UML'),
(3225, 'Unigraphics', 0, 'Unigraphics'),
(3226, 'UNIX', 0, 'UNIX'),
(3227, 'UNIX / Linux', 0, 'UNIX / Linux'),
(3228, 'Utilities', 0, 'Utilities'),
(3229, 'Version Control & Configuration Management', 0, 'Version Control & Configuration Management'),
(3230, 'Video / Audio / Analog', 0, 'Video / Audio / Analog'),
(3231, 'VMWare', 0, 'VMWare'),
(3232, 'VMWare vSphere', 0, 'VMWare vSphere'),
(3233, 'VW', 0, 'VW'),
(3234, 'Watchdog (WDG)', 0, 'Watchdog (WDG)'),
(3235, 'Waveguide', 0, 'Waveguide'),
(3236, 'Web & Display', 0, 'Web & Display'),
(3237, 'Welding', 0, 'Welding'),
(3238, 'Wide Area Network (WAN)', 0, 'Wide Area Network (WAN)'),
(3239, 'Windows 2000', 0, 'Windows 2000'),
(3240, 'Windows 7', 0, 'Windows 7'),
(3241, 'Windows 8', 0, 'Windows 8'),
(3242, 'Windows Mobile', 0, 'Windows Mobile'),
(3243, 'Windows Vista', 0, 'Windows Vista'),
(3244, 'Windows XP', 0, 'Windows XP'),
(3245, 'X-RAY', 0, 'X-RAY'),
(3246, 'Zuken Visula', 0, 'Zuken Visula'),
(4001, '.NET', 0, '.NET'),
(4002, '3D Camera', 0, '3D Camera'),
(4003, '3D Printing', 0, '3D Printing'),
(4004, '3D Scanner', 0, '3D Scanner'),
(4005, 'ActionScript', 0, 'ActionScript'),
(4006, 'Actuator', 0, 'Actuator'),
(4007, 'Adobe Dreamweaver', 0, 'Adobe Dreamweaver'),
(4008, 'Adobe Flash', 0, 'Adobe Flash'),
(4009, 'Advanced Driver Assistance Systems (ADAS)', 0, 'Advanced Driver Assistance Systems (ADAS)'),
(4010, 'Advanced Encryption Standard (AES)', 0, 'Advanced Encryption Standard (AES)'),
(4011, 'Advanced Product Quality Planning (APQP)', 0, 'Advanced Product Quality Planning (APQP)'),
(4012, 'Agile Project and Portfolio Management', 0, 'Agile Project and Portfolio Management'),
(4013, 'Air Conditioning', 0, 'Air Conditioning'),
(4014, 'Airbag', 0, 'Airbag'),
(4015, 'AJAX', 0, 'AJAX'),
(4016, 'Analog-to-Digital Converter (AD Converter)', 0, 'Analog-to-Digital Converter (AD Converter)'),
(4017, 'Apache Hadoop', 0, 'Apache Hadoop'),
(4018, 'APIS IQ-RM', 0, 'APIS IQ-RM'),
(4019, 'App Programming', 0, 'App Programming'),
(4020, 'ARM 32-bit (Cortex M)', 0, 'ARM 32-bit (Cortex M)'),
(4021, 'ARM Architecture', 0, 'ARM Architecture'),
(4022, 'ARTEMMIS Framework', 0, 'ARTEMMIS Framework'),
(4023, 'ASP.NET', 0, 'ASP.NET'),
(4024, 'Assembler', 0, 'Assembler'),
(4025, 'ATM', 0, 'ATM'),
(4026, 'Atmel 8-bit', 0, 'Atmel 8-bit'),
(4027, 'Automated optical inspection (AOI)', 0, 'Automated optical inspection (AOI)'),
(4028, 'Backlight', 0, 'Backlight'),
(4029, 'Bash Script (Unix)', 0, 'Bash Script (Unix)'),
(4030, 'BIOS', 0, 'BIOS'),
(4031, 'Bluetooth', 0, 'Bluetooth'),
(4032, 'Body Control Module (BCM)', 0, 'Body Control Module (BCM)'),
(4033, 'Bootloader', 0, 'Bootloader'),
(4034, 'Brake Control System', 0, 'Brake Control System'),
(4035, 'C', 0, 'C'),
(4036, 'C#', 0, 'C#'),
(4037, 'C++', 0, 'C++'),
(4038, 'Camera', 0, 'Camera'),
(4039, 'CAN', 0, 'CAN'),
(4040, 'CAN Access Programming Language (CANCapl)', 0, 'CAN Access Programming Language (CANCapl)'),
(4041, 'Can calibration protocol (CCP)', 0, 'Can calibration protocol (CCP)'),
(4042, 'CANalyzer', 0, 'CANalyzer'),
(4043, 'CANdela Studio', 0, 'CANdela Studio'),
(4044, 'CANoe', 0, 'CANoe'),
(4045, 'Circuit Diagram', 0, 'Circuit Diagram'),
(4046, 'Circuit Simulation', 0, 'Circuit Simulation'),
(4047, 'Circuit Test', 0, 'Circuit Test'),
(4048, 'CNC Programming', 0, 'CNC Programming'),
(4049, 'Cobol', 0, 'Cobol'),
(4050, 'Code Composer Studio', 0, 'Code Composer Studio'),
(4051, 'CodeWarrior', 0, 'CodeWarrior'),
(4052, 'COM', 0, 'COM'),
(4053, 'Computer vision', 0, 'Computer vision'),
(4054, 'Configuration Management Tool', 0, 'Configuration Management Tool'),
(4055, 'Continental Industrial Sensors -SRR 20X Short Range Radar Sensor', 0, 'Continental Industrial Sensors -SRR 20X Short Range Radar Sensor'),
(4056, 'Cryptography', 0, 'Cryptography'),
(4057, 'CSS', 0, 'CSS'),
(4058, 'Debugging', 0, 'Debugging'),
(4059, 'Defect Management', 0, 'Defect Management'),
(4060, 'Delphi', 0, 'Delphi'),
(4061, 'Design for Manufacturability (DFM)', 0, 'Design for Manufacturability (DFM)'),
(4062, 'Design-to-Cost (DTC)', 0, 'Design-to-Cost (DTC)'),
(4063, 'Die Casting', 0, 'Die Casting'),
(4064, 'Digital Image Processing', 0, 'Digital Image Processing'),
(4065, 'Digital signal processor (DSP)', 0, 'Digital signal processor (DSP)'),
(4066, 'Digital TV Compression', 0, 'Digital TV Compression'),
(4067, 'Doxygen', 0, 'Doxygen'),
(4068, 'DRAM', 0, 'DRAM'),
(4069, 'Drupal', 0, 'Drupal'),
(4070, 'Eclipse', 0, 'Eclipse'),
(4071, 'Electromagnetic Compatibility (EMC)', 0, 'Electromagnetic Compatibility (EMC)'),
(4072, 'Electromagnetic Interference (EMI)', 0, 'Electromagnetic Interference (EMI)'),
(4073, 'Electromagnetic Simulation', 0, 'Electromagnetic Simulation'),
(4074, 'Electronic Braking System (EBS)', 0, 'Electronic Braking System (EBS)'),
(4075, 'Electronic Stability Control (ESC)', 0, 'Electronic Stability Control (ESC)'),
(4076, 'Electrostatic Discharge (ESD)', 0, 'Electrostatic Discharge (ESD)'),
(4077, 'Embedded C', 0, 'Embedded C'),
(4078, 'EMBEDDED C++', 0, 'EMBEDDED C++'),
(4079, 'Embedded Programming Languages', 0, 'Embedded Programming Languages'),
(4080, 'Engine Control Unit (ECU)', 0, 'Engine Control Unit (ECU)'),
(4081, 'Engine System', 0, 'Engine System'),
(4082, 'EPSON Programming', 0, 'EPSON Programming'),
(4083, 'ETAS MDA (Measure Data Analyzer)', 0, 'ETAS MDA (Measure Data Analyzer)'),
(4084, 'Extract-Transform-Load (ETL) Technique', 0, 'Extract-Transform-Load (ETL) Technique'),
(4085, 'Failure Mode and Effect Analysis (FMEA)', 0, 'Failure Mode and Effect Analysis (FMEA)'),
(4086, 'Fiber Optic Communication', 0, 'Fiber Optic Communication'),
(4087, 'Freescale 16-bit (68HC12)', 0, 'Freescale 16-bit (68HC12)'),
(4088, 'Freescale 32-bit (i.MX)', 0, 'Freescale 32-bit (i.MX)'),
(4089, 'Freescale 32-bit (MPC55xx)', 0, 'Freescale 32-bit (MPC55xx)'),
(4090, 'Freescale 32-bit (MPC56xx)', 0, 'Freescale 32-bit (MPC56xx)'),
(4091, 'Freescale 8-bit (68HC08)', 0, 'Freescale 8-bit (68HC08)'),
(4092, 'Freescale MCU', 0, 'Freescale MCU'),
(4093, 'Fuel Pump', 0, 'Fuel Pump'),
(4094, 'Fujitsu 32bit (MB91F46x)', 0, 'Fujitsu 32bit (MB91F46x)'),
(4095, 'Fujitsu MB86R01', 0, 'Fujitsu MB86R01'),
(4096, 'Fujitsu MB88F332 (Indigo)', 0, 'Fujitsu MB88F332 (Indigo)'),
(4097, 'Fuzzy control', 0, 'Fuzzy control'),
(4099, 'Gauges', 0, 'Gauges'),
(4100, 'General Packet Radio Service (GPRS)', 0, 'General Packet Radio Service (GPRS)'),
(4101, 'General Purpose Interface Bus (GPIB)', 0, 'General Purpose Interface Bus (GPIB)'),
(4102, 'Geometric Tolerance Analysis', 0, 'Geometric Tolerance Analysis'),
(4103, 'git', 0, 'git'),
(4104, 'Global Positioning System (GPS)', 0, 'Global Positioning System (GPS)'),
(4105, 'Global System for Mobile Communications (GSM)', 0, 'Global System for Mobile Communications (GSM)'),
(4106, 'Gluing Technology', 0, 'Gluing Technology'),
(4107, 'Graphic Subsystem', 0, 'Graphic Subsystem'),
(4108, 'Green Hills Probe', 0, 'Green Hills Probe'),
(4109, 'Hardware Abstraction Layer (HAL)', 0, 'Hardware Abstraction Layer (HAL)'),
(4110, 'Hardware Testing', 0, 'Hardware Testing'),
(4111, 'Heat exchanger / Radiator', 0, 'Heat exchanger / Radiator'),
(4112, 'Heat Seat Control', 0, 'Heat Seat Control'),
(4113, 'Heat Staking', 0, 'Heat Staking'),
(4114, 'Heat Transfer', 0, 'Heat Transfer'),
(4115, 'Heating Control System', 0, 'Heating Control System'),
(4116, 'Hot Stamp', 0, 'Hot Stamp'),
(4117, 'HTML', 0, 'HTML'),
(4118, 'IAR Embedded Workbench', 0, 'IAR Embedded Workbench'),
(4119, 'IBM DB2', 0, 'IBM DB2'),
(4120, 'IBM Job Control Language (JCL)', 0, 'IBM Job Control Language (JCL)'),
(4121, 'IBM Mainframe', 0, 'IBM Mainframe'),
(4122, 'IBM Portable Application Solutions Environment (PASE)', 0, 'IBM Portable Application Solutions Environment (PASE)'),
(4123, 'IBM Rational ClearQuest', 0, 'IBM Rational ClearQuest'),
(4124, 'IBM Rational DOORS', 0, 'IBM Rational DOORS'),
(4125, 'IBM Rational Synergy', 0, 'IBM Rational Synergy'),
(4126, 'IBM Rational Team Concert', 0, 'IBM Rational Team Concert'),
(4127, 'IBM Rexx', 0, 'IBM Rexx'),
(4128, 'IBM Rhapsody', 0, 'IBM Rhapsody'),
(4129, 'IBM System x', 0, 'IBM System x'),
(4130, 'IBM System z', 0, 'IBM System z'),
(4131, 'Illumination', 0, 'Illumination'),
(4132, 'In-Circuit Test (ICT)', 0, 'In-Circuit Test (ICT)'),
(4133, 'Infrared', 0, 'Infrared'),
(4134, 'Injection Moulding', 0, 'Injection Moulding'),
(4135, 'Integrated Circuit Design (IC Design)', 0, 'Integrated Circuit Design (IC Design)'),
(4136, 'Integration Testing (I&T)', 0, 'Integration Testing (I&T)'),
(4137, 'Intel 8-bit (MCS-51)', 0, 'Intel 8-bit (MCS-51)'),
(4138, 'Intellectual Property (IP)', 0, 'Intellectual Property (IP)'),
(4139, 'Interactive System Productivity Facility (ISPF)', 0, 'Interactive System Productivity Facility (ISPF)'),
(4140, 'Inter-Integrated Circuit (I2C)', 0, 'Inter-Integrated Circuit (I2C)'),
(4141, 'International Software Testing Qualifications Board (ISTQB)', 0, 'International Software Testing Qualifications Board (ISTQB)'),
(4142, 'IP / Ethernet', 0, 'IP / Ethernet'),
(4143, 'IPC7711 (Rework)', 0, 'IPC7711 (Rework)'),
(4144, 'IPC-A-610 (Acceptability of Electronic Assemblies)', 0, 'IPC-A-610 (Acceptability of Electronic Assemblies)'),
(4145, 'iPhone', 0, 'iPhone'),
(4146, 'ISO / IEC 17025', 0, 'ISO / IEC 17025'),
(4147, 'ISO / TS 16949', 0, 'ISO / TS 16949'),
(4148, 'ISO 14229 (UDS)', 0, 'ISO 14229 (UDS)'),
(4149, 'ISO 9001', 0, 'ISO 9001'),
(4150, 'IT Infrastructure Library (ITIL)', 0, 'IT Infrastructure Library (ITIL)'),
(4151, 'Java', 0, 'Java'),
(4152, 'Java - EE', 0, 'Java - EE'),
(4153, 'Java - JSP', 0, 'Java - JSP'),
(4154, 'Java - SE', 0, 'Java - SE'),
(4155, 'Java - Web Application', 0, 'Java - Web Application'),
(4156, 'Javascript', 0, 'Javascript'),
(4157, 'Jenkins', 0, 'Jenkins'),
(4158, 'JSON', 0, 'JSON'),
(4159, 'Kaizen', 0, 'Kaizen'),
(4160, 'Kanban', 0, 'Kanban'),
(4161, 'Keil uVision', 0, 'Keil uVision'),
(4162, 'Key-Word-Protokoll 2000 (KWP)', 0, 'Key-Word-Protokoll 2000 (KWP)'),
(4163, 'Kinect', 0, 'Kinect'),
(4164, 'LaTeX', 0, 'LaTeX'),
(4165, 'Lathe', 0, 'Lathe'),
(4166, 'Lean Management', 0, 'Lean Management'),
(4167, 'LIN-Bus', 0, 'LIN-Bus'),
(4168, 'Linux Kernel', 0, 'Linux Kernel'),
(4169, 'Linux Shell Scripting', 0, 'Linux Shell Scripting'),
(4170, 'Liquid-Crystal Display (LCD)', 0, 'Liquid-Crystal Display (LCD)'),
(4171, 'Low Voltage Differential Signaling (LVDS)', 0, 'Low Voltage Differential Signaling (LVDS)'),
(4172, 'Manufacturing Process', 0, 'Manufacturing Process'),
(4173, 'Material Life Cycle (MLC)', 0, 'Material Life Cycle (MLC)'),
(4174, 'Measurement system analysis (MSA)', 0, 'Measurement system analysis (MSA)'),
(4175, 'Mentor Graphics ModelSim', 0, 'Mentor Graphics ModelSim'),
(4176, 'Microchip Technology - PIC', 0, 'Microchip Technology - PIC'),
(4177, 'Microsoft SQL Server', 0, 'Microsoft SQL Server'),
(4178, 'Microsoft VC++', 0, 'Microsoft VC++'),
(4179, 'Microsoft Visual FoxPro', 0, 'Microsoft Visual FoxPro'),
(4180, 'Mobile DDR', 0, 'Mobile DDR'),
(4181, 'MODBUS', 0, 'MODBUS'),
(4182, 'Mold Design & Process', 0, 'Mold Design & Process'),
(4183, 'Molding Machine', 0, 'Molding Machine'),
(4184, 'MOST', 0, 'MOST'),
(4185, 'MPLAB', 0, 'MPLAB'),
(4186, 'MS Access', 0, 'MS Access'),
(4187, 'Multi2Sim', 0, 'Multi2Sim'),
(4188, 'MYSQL', 0, 'MYSQL'),
(4189, 'NAND', 0, 'NAND'),
(4190, 'NetBeans', 0, 'NetBeans'),
(4191, 'Network Protocol', 0, 'Network Protocol'),
(4192, 'NI LabVIEW', 0, 'NI LabVIEW'),
(4193, 'Non-volatile memory (NVM)', 0, 'Non-volatile memory (NVM)'),
(4194, 'Objective-C', 0, 'Objective-C'),
(4195, 'Object-Oriented Design', 0, 'Object-Oriented Design'),
(4196, 'Open Source Computer Vision (OpenCV)', 0, 'Open Source Computer Vision (OpenCV)'),
(4197, 'OpenGL', 0, 'OpenGL'),
(4198, 'Operational amplifier', 0, 'Operational amplifier'),
(4199, 'Optical Bonding', 0, 'Optical Bonding'),
(4200, 'ORACLE DB', 0, 'ORACLE DB'),
(4201, 'ORACLE PL/SQL', 0, 'ORACLE PL/SQL'),
(4202, 'Parking Break', 0, 'Parking Break'),
(4203, 'PCI Express', 0, 'PCI Express'),
(4204, 'Perl', 0, 'Perl'),
(4205, 'PHP', 0, 'PHP'),
(4206, 'Polyspace Static Analysis', 0, 'Polyspace Static Analysis'),
(4207, 'PostgreSQL', 0, 'PostgreSQL'),
(4208, 'Power Integrity', 0, 'Power Integrity'),
(4209, 'Power Management', 0, 'Power Management'),
(4210, 'Power Supply', 0, 'Power Supply'),
(4211, 'PPP - Link Control Protocol (LCP)', 0, 'PPP - Link Control Protocol (LCP)'),
(4212, 'Printed Circuit Boards (PCB)', 0, 'Printed Circuit Boards (PCB)'),
(4213, 'Product Data Management (PDM)', 0, 'Product Data Management (PDM)'),
(4214, 'Production Planning', 0, 'Production Planning'),
(4215, 'Programmable Logic Controller (PLC)', 0, 'Programmable Logic Controller (PLC)'),
(4216, 'Prototyping', 0, 'Prototyping'),
(4217, 'PTC Integrity', 0, 'PTC Integrity'),
(4218, 'Pulse Width Modulation (PWM)', 0, 'Pulse Width Modulation (PWM)'),
(4219, 'PVCS Version Manager', 0, 'PVCS Version Manager'),
(4220, 'Python', 0, 'Python'),
(4221, 'QT', 0, 'QT'),
(4222, 'Random-Access Memory (RAM)', 0, 'Random-Access Memory (RAM)'),
(4223, 'Realtime Field-Programmable Gate Arrays (FPGA)', 0, 'Realtime Field-Programmable Gate Arrays (FPGA)'),
(4224, 'Relational Databases', 0, 'Relational Databases'),
(4225, 'Renesas 16-bit (V850)', 0, 'Renesas 16-bit (V850)'),
(4226, 'Renesas 32-bit (R32C)', 0, 'Renesas 32-bit (R32C)'),
(4227, 'Router', 0, 'Router'),
(4228, 'RS-232', 0, 'RS-232'),
(4229, 'Ruby ', 0, 'Ruby '),
(4230, 'SAE J1939', 0, 'SAE J1939'),
(4231, 'SAP ABAP', 0, 'SAP ABAP'),
(4232, 'Scala', 0, 'Scala'),
(4233, 'SCONS', 0, 'SCONS'),
(4234, 'Scrum', 0, 'Scrum'),
(4235, 'Seat Control', 0, 'Seat Control'),
(4236, 'Sensor Fusion', 0, 'Sensor Fusion'),
(4237, 'Serial ATA (SATA)', 0, 'Serial ATA (SATA)'),
(4238, 'Signal Integrity', 0, 'Signal Integrity'),
(4239, 'Simulation Program with Integrated Circuit Emphasis (SPICE)', 0, 'Simulation Program with Integrated Circuit Emphasis (SPICE)'),
(4240, 'Softune', 0, 'Softune'),
(4241, 'Software Architecture', 0, 'Software Architecture'),
(4242, 'Software Integration', 0, 'Software Integration'),
(4243, 'Software Testing', 0, 'Software Testing'),
(4244, 'Solidworks MBD', 0, 'Solidworks MBD'),
(4245, 'SPI', 0, 'SPI'),
(4246, 'SQL Server', 0, 'SQL Server'),
(4247, 'Standard Template Library (STL)', 0, 'Standard Template Library (STL)'),
(4248, 'Static Analysis', 0, 'Static Analysis'),
(4249, 'Statistical Process Control (SPC)', 0, 'Statistical Process Control (SPC)'),
(4250, 'STMicroelectronics 32-bit (STM32)', 0, 'STMicroelectronics 32-bit (STM32)'),
(4251, 'Structural Simulation Toolkit (SST)', 0, 'Structural Simulation Toolkit (SST)'),
(4252, 'Supervisory control (SCADA)', 0, 'Supervisory control (SCADA)'),
(4253, 'Surface Mount Technology (SMT)', 0, 'Surface Mount Technology (SMT)'),
(4254, 'svn', 0, 'svn'),
(4255, 'Systems Development Life-Cycle (SDLC)', 0, 'Systems Development Life-Cycle (SDLC)'),
(4256, 'TCP/IP', 0, 'TCP/IP'),
(4257, 'Technical Explanation', 0, 'Technical Explanation'),
(4258, 'Test Automation', 0, 'Test Automation'),
(4259, 'Test Design', 0, 'Test Design'),
(4260, 'Test-Driven Development (TDD)', 0, 'Test-Driven Development (TDD)'),
(4261, 'TestExec SL', 0, 'TestExec SL'),
(4262, 'Texas Instruments 16-bit (MSP430)', 0, 'Texas Instruments 16-bit (MSP430)'),
(4263, 'Texas Instruments 32-bit (C2000)', 0, 'Texas Instruments 32-bit (C2000)'),
(4264, 'The Eight Disciplines of Problem Solving (8D)', 0, 'The Eight Disciplines of Problem Solving (8D)'),
(4265, 'Thermal Analysis', 0, 'Thermal Analysis'),
(4266, 'Thermal Simulation', 0, 'Thermal Simulation'),
(4267, 'Tolerance Analysis', 0, 'Tolerance Analysis'),
(4268, 'Total Productive Maintenance (TPM)', 0, 'Total Productive Maintenance (TPM)'),
(4269, 'Touchscreen', 0, 'Touchscreen'),
(4270, 'UART', 0, 'UART'),
(4271, 'UDP (User Datagram Protocol)', 0, 'UDP (User Datagram Protocol)'),
(4272, 'Unity', 0, 'Unity uses C# for development'),
(4273, 'USB', 0, 'USB'),
(4274, 'VB.NET', 0, 'VB.NET'),
(4275, 'VBA', 0, 'VBA'),
(4276, 'Vector Tools', 0, 'Vector Tools'),
(4277, 'Verilog', 0, 'Verilog'),
(4278, 'VHDL', 0, 'VHDL'),
(4279, 'Video Codec H.264', 0, 'Video Codec H.264'),
(4280, 'Video Processing', 0, 'Video Processing'),
(4281, 'Virtual Memory', 0, 'Virtual Memory'),
(4282, 'Visual Basic', 0, 'Visual Basic'),
(4283, 'Visual Studio', 0, 'Visual Studio'),
(4284, 'VW Modularer Querbaukasten (MQB)', 0, 'VW Modularer Querbaukasten (MQB)'),
(4285, 'Water Heating', 0, 'Water Heating'),
(4286, 'Windows Presentation Foundation (WPF)', 0, 'Windows Presentation Foundation (WPF)'),
(4287, 'Wireless Sensor Network (WSN)', 0, 'Wireless Sensor Network (WSN)'),
(4288, 'WISE PDM', 0, 'WISE PDM'),
(4289, 'XHTML', 0, 'XHTML'),
(4290, 'Xilinx Hardware', 0, 'Xilinx Hardware'),
(4291, 'XML', 0, 'XML'),
(4292, 'XML - SOAP', 0, 'XML - SOAP'),
(4293, 'XML - XSL', 0, 'XML - XSL'),
(4294, 'ZigBee', 0, 'ZigBee'),
(4295, 'Zuken', 0, 'Zuken'),
(4296, 'test_skill', 0, 'asdfasdfasdf'),
(4297, 'Time Management', 0, 'Time Management'),
(4298, 'Work Management', 0, 'Work Management'),
(4299, 'FNOS', 0, 'To be filled out by Miguel Aguayo'),
(4300, 'Thinking Skill', 0, 'Thinking Skill'),
(4301, 'Work Management', 0, 'Work Management'),
(4302, 'Time Management', 0, 'Time Management'),
(4303, 'Emulators', 0, 'Emulators'),
(4304, 'prueba training 2', 0, '0 asdfasdfasdfas'),
(4305, 'Scrum Master', 0, ''),
(4306, 'Millenials Management', 0, 'New generation management'),
(4307, 'Scum Master', 0, 'Scrum Master'),
(4308, 'Scrum Product Owner', 0, 'Product Owner'),
(4309, 'test_skill', 0, NULL),
(4310, 'hijo', 0, NULL),
(4311, 'web technologies', 0, ''),
(4312, 'Ethernet', 0, NULL),
(4313, 'Integrity', 0, NULL),
(4314, 'AROS', 0, NULL),
(4315, 'System Design', 0, NULL),
(4316, 'Structured Programming', 0, NULL),
(4317, 'PTC Integrity (IMS/MKS)', 0, 'PTC Integrity Lifecycle Manager (former MKS Integrity)'),
(4318, 'Risk Based Testing (RBT)', 0, 'Risk Based Testing (RBT)'),
(4320, 'Product Architecture', 0, 'The Product Architect is responsible for the technical concept of the product. In cooperation with the subproject managers for electrical engineering, software and mechanics, the product architect creates the product architecture, assigning the product functions to the disciplines of electrical engineering, software and mechanics.\r\n\r\nCompatibility note: In some older documents, this role is also referred to as \"System Architect\"\r\n\r\n'),
(4321, 'Product Integration', 0, 'The Product Integrator is responsible for the technical coordination of the product integration. He ensures that the correct dataset versions from the individual disciplines are integrated and he is responsible for transferring this data to the production.\r\n'),
(4322, 'Requirements Engineering', 0, 'The scope of the Requirements Engineer is to ensure that all requirements relevant for the product are collected, clarified and documented in the project.\r\nTypically he manages a team of analysts coming from the individual disciplines.'),
(4323, 'Electromagnetic Compatibility', 0, 'Expert in Electromagnetic compatibility for ID'),
(4325, 'prueba 3', 0, 'edicionasdlkfjasldfjasldkf'),
(4326, 'prueba de sub nodo', 0, 'sin descripcion'),
(4327, 'prueba3', 0, '1 no sabe\r\n2 medio sabe\r\n3 cree que sabe\r\n4 mas o menos'),
(4328, 'Vector Graphics', 0, 'Vector graphics are images described by polygons instead of pixels'),
(4329, 'Lua', 0, 'Lua is designed primarily for embedded systems and clients. It is used by at least one HMI modelling tool.'),
(4330, 'Unreal', 0, 'Supports SW Development in C++ and MDD via \"Blueprints\"'),
(4331, 'HMI Modelling', 0, 'Tools for Model-based HMI development'),
(4332, 'AMP3', 0, 'ARTEMMIS Modelling Platform, version 3'),
(4333, 'AMP4', 0, 'ARTEMMIS Modelling Platform, version 4'),
(4334, 'EB GUIDE', 0, 'by Elektrobit'),
(4335, 'Kanzi', 0, 'by Rightware, used in Hyundai M3'),
(4336, 'Altia', 0, 'by Altia'),
(4337, 'Memory Profiling', 0, 'Find memory leaks and optimize memory usage'),
(4338, 'Language Design', 0, 'Design, implementation, analysis, characterization, and classification of programming languages. It is a core discipline of computer science, which depends on and affects math, software engineering and linguistics.'),
(4339, 'Stack up tolerance analysis', 0, ''),
(4340, 'Mechanical Product Architecture', 0, NULL),
(4341, 'CREO PTC', 0, ''),
(4342, 'CATIA', 0, NULL),
(4343, 'Experience as mechanical engineer', 0, NULL),
(4344, 'Finite Element Analysis (FEA)', 0, ''),
(4345, 'Material mechanical behavior', 0, ''),
(4346, 'Design Failure Mode and Effect Analysis (DFMEA)', 0, NULL),
(4347, 'Mechanical Design Guidelines', 0, ''),
(4348, 'Change Management', 0, ''),
(4349, 'Functional Tests', 0, NULL),
(4350, 'Test Sequencer', 0, 'Test Sequencer'),
(4351, 'Requirements Management', 0, ''),
(4352, 'Innovation methods', 0, ''),
(4353, 'Education level', 0, NULL),
(4354, 'DMAIC', 0, ''),
(4355, 'DFSS', 0, NULL),
(4356, 'Estes es un subnodo', 0, ''),
(4358, 'Phyton', 0, NULL),
(4359, 'uTAS 3', 0, 'uTAS 3'),
(4360, 'uTAS 5', 0, NULL),
(4361, 'vTESTstudio', 0, 'vTESTstudio'),
(4362, 'MRDB (Modification Request Database)', 0, NULL),
(4363, 'CANstress', 0, NULL),
(4364, 'Framegrabber', 0, 'Also know as Frame grabber'),
(4365, '4PeP (For Product Engineering Process)', 0, 'For Product Engineering Process'),
(4366, 'PDMK (Product Development Method Kit)', 0, NULL),
(4367, 'Other Testing Skills', 0, NULL),
(4368, 'Continuous Testing', 0, NULL),
(4369, 'In Vehicle Testing', 0, NULL),
(4370, 'Model Based Testing', 0, NULL),
(4371, 'RS-485', 0, 'RS-485'),
(4372, 'ISTQB (International Software Testing Qualifications Board)', 0, 'ISTQB (International Software Testing Qualifications Board)'),
(4373, 'ISTQB Test Manager', 0, NULL),
(4374, 'ISTQB Foundation Level', 0, NULL),
(4375, 'ISTQB Technical Test Analyst', 0, NULL),
(4376, 'ISTQB Test Analyst', 0, NULL),
(4377, 'Product Test', 0, NULL),
(4378, 'Test Execution', 0, NULL),
(4379, 'Scrum Team', 0, NULL),
(4381, 'JCP2016', 0, ''),
(4382, 'Pokemon Go', 0, ''),
(4383, 'PoGo', 0, ''),
(4385, 'CMVC', 0, 'Configuration Management Version Control (CMVC) is a software package that serves as an object repository, and performs software version control, configuration management, and change management functions.'),
(4386, 'Continental ID Platforms', 0, 'HW/SW Developement platforms used in Contienental: JCP2005, JCP2011, JCP2016, etc'),
(4387, 'LCP', 0, 'Low Cost Platform'),
(4388, 'Assembler', 0, 'Assembler language');

INSERT INTO `skill_has_skill` (`idSkill_has_Skill`, `idSkill_parent`, `idSkill_child`) VALUES
(1, 18, 1),
(2, 18, 2),
(3, 1, 3),
(4, 1, 4),
(5, 1, 5),
(6, 1, 6),
(7, 1, 7),
(8, 1, 8),
(9, 1, 9),
(10, 1, 10),
(11, 1, 11),
(12, 1, 12),
(13, 1, 13),
(14, 1, 14),
(15, 1, 15),
(16, 1, 16),
(17, 1, 17),



(18, 3, 1003),
(19, 3, 1034),
(20, 3, 1035),
(21, 3, 1066),
(22, 4, 1053),
(23, 5, 1026),
(24, 5, 1054),
(25, 6, 1061),
(27, 7, 1002),
(28, 7, 1008),
(29, 7, 1010),
(30, 8, 1006),
(31, 8, 1011),
(32, 8, 1014),
(33, 8, 1015),
(34, 8, 1016),
(35, 8, 1017),
(36, 8, 1018),
(37, 8, 1050),
(38, 8, 1060),
(39, 8, 1070),
(40, 9, 1005),
(41, 9, 1037),
(42, 9, 1043),
(43, 9, 1048),
(44, 9, 1052),
(45, 9, 1068),
(46, 9, 1069),
(47, 10, 1004),
(48, 10, 1033),
(49, 11, 1027),
(50, 11, 1029),
(51, 11, 1045),
(52, 11, 1047),
(53, 11, 1058),
(54, 11, 1062),
(55, 11, 1065),
(56, 12, 1007),
(57, 12, 1012),
(58, 12, 1020),
(59, 12, 1022),
(60, 12, 1024),
(61, 12, 1030),
(62, 12, 1031),
(63, 12, 1032),
(64, 12, 1049),
(65, 12, 1056),
(66, 12, 1063),
(67, 13, 1023),
(68, 13, 1042),
(69, 13, 1046),
(70, 13, 1051),
(71, 13, 1064),
(72, 14, 1001),
(73, 14, 1039),
(74, 14, 1071),
(75, 15, 2036),
(76, 15, 2116),
(77, 15, 2118),
(78, 16, 1019),
(79, 16, 1067),
(80, 17, 1009),
(81, 17, 1013),
(82, 17, 1021),
(83, 17, 1025),
(84, 17, 1028),
(85, 17, 1036),
(86, 17, 1038),
(87, 17, 1040),
(88, 17, 1041),
(89, 17, 1044),
(90, 17, 1055),
(91, 17, 1057),
(92, 17, 1059),
(93, 1002, 2031),
(94, 1002, 2078),
(95, 1003, 2047),
(96, 1003, 2071),
(97, 1003, 2104),
(98, 1003, 2109),
(99, 1006, 2010),
(100, 1008, 2057),
(101, 1009, 2002),
(102, 1009, 2004),
(103, 1009, 2019),
(104, 1009, 2022),
(105, 1009, 2046),
(106, 1009, 2079),
(107, 1009, 2093),
(108, 1009, 2138),
(109, 1010, 2054),
(110, 1011, 2027),
(111, 1011, 2028),
(112, 1011, 2029),
(113, 1011, 2141),
(114, 1013, 2052),
(115, 1013, 2083),
(116, 1014, 2094),
(117, 1014, 2099),
(118, 1014, 2113),
(119, 1014, 2134),
(120, 1016, 2001),
(121, 1016, 2035),
(122, 1016, 2091),
(123, 1017, 2043),
(124, 1017, 2048),
(125, 1018, 2012),
(126, 1018, 2044),
(127, 1019, 2050),
(128, 1019, 2084),
(129, 1021, 2053),
(130, 1023, 2082),
(131, 1025, 2018),
(132, 1025, 2021),
(133, 1025, 2063),
(134, 1025, 3001),
(135, 1025, 3002),
(136, 1026, 2013),
(137, 1026, 2085),
(138, 1026, 2122),
(139, 1027, 2017),
(140, 1027, 2023),
(141, 1027, 2125),
(142, 1028, 2100),
(143, 1029, 2136),
(144, 1033, 2014),
(145, 1034, 2041),
(146, 1035, 2008),
(147, 1035, 2055),
(148, 1035, 2061),
(149, 1035, 2062),
(150, 1035, 2096),
(151, 1035, 2119),
(152, 1035, 2142),
(153, 1035, 2147),
(154, 1035, 2150),
(155, 1035, 2151),
(156, 1036, 2067),
(157, 1036, 2081),
(158, 1036, 2128),
(159, 1037, 2103),
(160, 1038, 2020),
(161, 1038, 2135),
(162, 1038, 2146),
(163, 1039, 2060),
(164, 1039, 2076),
(165, 1039, 2120),
(166, 1039, 2137),
(167, 1039, 2143),
(168, 1040, 2015),
(169, 1040, 2033),
(170, 1040, 2069),
(171, 1041, 2086),
(172, 1042, 2007),
(173, 1042, 2102),
(174, 1045, 2003),
(175, 1045, 2070),
(176, 1045, 2098),
(177, 1046, 2097),
(178, 1046, 2101),
(179, 1047, 2039),
(180, 1047, 2049),
(181, 1047, 2088),
(182, 1047, 2126),
(183, 1048, 2045),
(184, 1048, 3095),
(185, 1048, 3108),
(186, 1048, 3113),
(187, 1048, 3161),
(188, 1050, 2064),
(189, 1050, 2108),
(190, 1050, 2148),
(191, 1052, 2080),
(192, 1052, 2112),
(193, 1052, 2114),
(194, 1053, 2009),
(195, 1053, 2030),
(196, 1053, 2110),
(197, 1053, 2111),
(198, 1054, 2105),
(199, 1054, 2106),
(200, 1054, 2107),
(201, 1054, 2130),
(202, 1055, 2075),
(203, 1055, 2092),
(204, 1057, 2121),
(205, 1057, 2123),
(206, 1058, 2051),
(207, 1058, 2058),
(208, 1059, 2032),
(209, 1059, 2072),
(210, 1059, 2149),
(211, 1059, 2152),
(212, 1060, 2042),
(213, 1060, 2056),
(214, 1061, 2025),
(215, 1061, 2026),
(216, 1061, 2073),
(217, 1061, 2077),
(218, 1062, 2034),
(219, 1062, 2066),
(220, 1062, 2115),
(221, 1062, 2132),
(222, 1062, 2139),
(223, 1062, 2140),
(224, 1062, 2144),
(225, 1062, 2145),
(226, 1064, 2038),
(227, 1064, 2068),
(228, 1065, 2074),
(229, 1065, 2127),
(230, 1066, 2005),
(231, 1066, 2006),
(232, 1066, 2087),
(233, 1067, 2011),
(234, 1067, 2040),
(235, 1067, 2131),
(236, 1067, 2133),
(237, 1067, 3208),
(238, 1068, 2024),
(239, 1068, 2037),
(240, 1068, 2129),
(241, 1069, 2090),
(242, 1070, 2016),
(243, 1070, 2059),
(244, 1070, 2089),
(245, 1070, 2095),
(246, 1070, 2117),
(247, 1070, 2124),
(248, 1070, 2153),
(249, 1071, 2065),
(251, 2003, 3202),
(252, 2009, 3025),
(253, 2009, 3049),
(254, 2009, 3207),
(255, 2010, 3022),
(256, 2010, 3063),
(257, 2010, 3168),
(258, 2012, 3037),
(259, 2012, 3100),
(260, 2012, 3210),
(261, 2013, 3034),
(262, 2015, 3120),
(263, 2015, 3181),
(264, 2017, 3178),
(265, 2018, 3019),
(266, 2018, 3020),
(267, 2018, 3080),
(268, 2018, 3192),
(269, 2018, 3199),
(270, 2018, 3225),
(271, 2019, 3031),
(272, 2019, 3047),
(273, 2019, 3048),
(274, 2019, 3123),
(275, 2020, 3124),
(276, 2020, 3188),
(277, 2022, 3011),
(278, 2023, 3056),
(279, 2023, 3187),
(280, 2027, 3018),
(281, 2027, 4252),
(282, 2028, 4097),
(283, 2029, 3173),
(284, 2029, 3196),
(285, 2030, 3122),
(286, 2032, 3051),
(287, 2032, 3092),
(288, 2033, 3076),
(289, 2034, 3155),
(290, 2034, 3200),
(291, 2034, 4084),
(292, 2035, 3205),
(293, 2037, 3036),
(294, 2037, 3052),
(295, 2037, 3053),
(296, 2039, 3163),
(297, 2039, 3240),
(298, 2039, 3241),
(299, 2039, 3243),
(300, 2039, 3244),
(301, 2041, 3058),
(302, 2042, 3050),
(303, 2042, 3054),
(304, 2042, 3139),
(305, 2042, 3183),
(306, 2042, 3230),
(307, 2042, 4065),
(308, 2042, 4236),
(309, 2043, 3096),
(310, 2043, 3235),
(311, 2044, 3085),
(312, 2044, 3126),
(313, 2044, 3129),
(314, 2044, 3131),
(315, 2044, 3190),
(316, 2044, 4198),
(317, 2045, 3112),
(318, 2045, 3245),
(319, 2046, 3008),
(320, 2046, 3013),
(321, 2046, 3028),
(322, 2046, 3029),
(323, 2046, 3059),
(324, 2046, 3127),
(325, 2046, 3128),
(326, 2046, 3151),
(327, 2046, 3162),
(328, 2046, 3246),
(329, 2047, 3023),
(330, 2047, 3061),
(331, 2047, 3114),
(332, 2047, 3191),
(333, 2048, 3060),
(334, 2049, 3064),
(335, 2049, 3075),
(336, 2049, 3087),
(337, 2049, 3164),
(338, 2049, 3174),
(339, 2049, 3180),
(340, 2049, 3201),
(341, 2050, 3179),
(342, 2051, 3007),
(343, 2052, 3195),
(344, 2055, 3035),
(345, 2055, 3070),
(346, 2056, 3009),
(347, 2056, 3107),
(348, 2059, 3160),
(349, 2060, 3091),
(350, 2060, 3169),
(351, 2062, 3159),
(353, 2063, 3004),
(354, 2063, 3005),
(358, 2063, 3081),
(359, 2064, 3104),
(360, 2065, 3044),
(361, 2065, 3088),
(362, 2065, 3089),
(363, 2066, 3083),
(364, 2066, 3141),
(365, 2067, 3182),
(366, 2067, 3193),
(367, 2068, 3121),
(368, 2069, 3145),
(369, 2070, 3118),
(370, 2071, 3032),
(371, 2071, 3039),
(372, 2071, 4014),
(373, 2074, 3097),
(374, 2077, 3042),
(375, 2078, 3079),
(376, 2078, 3154),
(377, 2078, 3167),
(378, 2079, 3040),
(379, 2080, 3134),
(380, 2080, 4183),
(381, 2081, 3119),
(382, 2082, 3046),
(383, 2082, 3156),
(384, 2082, 3204),
(385, 2083, 3125),
(386, 2084, 3055),
(387, 2084, 3072),
(388, 2084, 3130),
(389, 2084, 3234),
(390, 2085, 3132),
(391, 2085, 3133),
(392, 2086, 3142),
(393, 2086, 3143),
(394, 2086, 3144),
(395, 2086, 3146),
(396, 2086, 3149),
(397, 2088, 3010),
(398, 2088, 3105),
(399, 2088, 3242),
(400, 2089, 3014),
(401, 2089, 3177),
(402, 2089, 4100),
(403, 2089, 4105),
(404, 2095, 3137),
(405, 2098, 3153),
(406, 2100, 3103),
(407, 2101, 3071),
(408, 2104, 3233),
(409, 2108, 3198),
(410, 2109, 3027),
(411, 2109, 3067),
(412, 2109, 3068),
(413, 2109, 3077),
(414, 2109, 4148),
(415, 2110, 3110),
(416, 2110, 3157),
(417, 2110, 3172),
(418, 2110, 3175),
(419, 2110, 3203),
(420, 2111, 3111),
(421, 2111, 4011),
(422, 2111, 4062),
(423, 2111, 4214),
(424, 2111, 4249),
(425, 2112, 4253),
(426, 2113, 4143),
(427, 2113, 4144),
(428, 2114, 3033),
(429, 2114, 3074),
(430, 2114, 3082),
(431, 2114, 3109),
(432, 2114, 3140),
(433, 2114, 3171),
(434, 2114, 3237),
(435, 2114, 4113),
(436, 2114, 4116),
(437, 2115, 3017),
(438, 2115, 3041),
(439, 2115, 3065),
(440, 2115, 3078),
(441, 2115, 3084),
(442, 2115, 3090),
(443, 2115, 3098),
(444, 2115, 3136),
(445, 2115, 3165),
(446, 2115, 3189),
(447, 2115, 3227),
(448, 2115, 3236),
(450, 2117, 3223),
(451, 2117, 3238),
(452, 2120, 4082),
(453, 2122, 3185),
(454, 2123, 3184),
(455, 2124, 3152),
(456, 2125, 3093),
(457, 2125, 3094),
(458, 2125, 3115),
(459, 2125, 3116),
(460, 2125, 3117),
(461, 2125, 3147),
(462, 2125, 3148),
(463, 2125, 3211),
(464, 2125, 3226),
(465, 2125, 3228),
(466, 2125, 3239),
(467, 2127, 3024),
(468, 2127, 3206),
(469, 2128, 3073),
(470, 2129, 3062),
(471, 2129, 3194),
(472, 2129, 3213),
(473, 2132, 3006),
(474, 2132, 3197),
(475, 2132, 4233),
(476, 2135, 3135),
(477, 2136, 3106),
(478, 2137, 3012),
(479, 2137, 3069),
(480, 2139, 3038),
(481, 2139, 3138),
(482, 2139, 3150),
(483, 2139, 3158),
(484, 2139, 3166),
(485, 2139, 3224),
(486, 2140, 3212),
(487, 2140, 3215),
(488, 2140, 3219),
(489, 2141, 3170),
(490, 2143, 3216),
(491, 2143, 3217),
(492, 2144, 3030),
(493, 2144, 3102),
(494, 2144, 3209),
(495, 2144, 3214),
(496, 2144, 3220),
(497, 2145, 3016),
(498, 2145, 3043),
(499, 2145, 3057),
(500, 2145, 3066),
(501, 2145, 3101),
(502, 2145, 3229),
(503, 2145, 4007),
(504, 2146, 3176),
(505, 2146, 3186),
(506, 2148, 3222),
(507, 2149, 3086),
(508, 2149, 3231),
(509, 2149, 3232),
(510, 2152, 3015),
(511, 2152, 3218),
(512, 2153, 3099),
(513, 3006, 4012),
(514, 3006, 4234),
(515, 3007, 4010),
(516, 3007, 4056),
(517, 3016, 4054),
(518, 3016, 4123),
(519, 3016, 4124),
(520, 3016, 4126),
(521, 3016, 4217),
(522, 3016, 4288),
(523, 3017, 4001),
(524, 3017, 4120),
(525, 3017, 4122),
(526, 3017, 4152),
(527, 3017, 4154),
(528, 3017, 4221),
(529, 3017, 4231),
(530, 3017, 4274),
(531, 3018, 4009),
(532, 3022, 4039),
(533, 3022, 4041),
(534, 3022, 4140),
(535, 3022, 4162),
(536, 3022, 4167),
(537, 3022, 4184),
(538, 3022, 4230),
(539, 3022, 4245),
(540, 3023, 4032),
(541, 3027, 4034),
(542, 3027, 4074),
(543, 3027, 4075),
(544, 3027, 4202),
(545, 3030, 4083),
(546, 3032, 4112),
(547, 3032, 4235),
(548, 3033, 4063),
(549, 3036, 4045),
(550, 3037, 4212),
(551, 3039, 4099),
(552, 3041, 4035),
(553, 3041, 4036),
(554, 3041, 4037),
(555, 3041, 4049),
(556, 3041, 4127),
(557, 3041, 4151),
(558, 3041, 4153),
(559, 3041, 4155),
(560, 3041, 4158),
(561, 3041, 4178),
(562, 3041, 4194),
(563, 3041, 4232),
(564, 3041, 4247),
(565, 3041, 4282),
(566, 3041, 4291),
(567, 3041, 4292),
(568, 3041, 4293),
(569, 3043, 4157),
(570, 3044, 4013),
(571, 3050, 4066),
(572, 3053, 4061),
(573, 3053, 4172),
(574, 3053, 4182),
(575, 3054, 4053),
(576, 3054, 4064),
(577, 3056, 4170),
(578, 3056, 4199),
(579, 3056, 4269),
(580, 3057, 4067),
(581, 3057, 4213),
(582, 3060, 4076),
(583, 3061, 4209),
(584, 3061, 4210),
(585, 3062, 4027),
(586, 3062, 4047),
(587, 3062, 4071),
(588, 3062, 4072),
(589, 3062, 4108),
(590, 3062, 4132),
(591, 3062, 4174),
(592, 3062, 4208),
(593, 3062, 4238),
(594, 3062, 4261),
(595, 3063, 4101),
(596, 3063, 4171),
(597, 3063, 4181),
(598, 3065, 4040),
(599, 3065, 4077),
(600, 3065, 4078),
(601, 3065, 4079),
(602, 3065, 4277),
(603, 3065, 4278),
(604, 3067, 4006),
(605, 3067, 4081),
(606, 3068, 4080),
(607, 3077, 4093),
(609, 3078, 4272),
(610, 3082, 4106),
(611, 3084, 4196),
(612, 3084, 4197),
(613, 3084, 4286),
(614, 3085, 4095),
(615, 3085, 4096),
(616, 3085, 4107),
(617, 3088, 4111),
(618, 3088, 4115),
(619, 3088, 4285),
(620, 3090, 4022),
(621, 3095, 4038),
(622, 3098, 4048),
(623, 3099, 4287),
(624, 3100, 4135),
(625, 3101, 4050),
(626, 3101, 4051),
(627, 3101, 4070),
(628, 3101, 4161),
(629, 3101, 4185),
(630, 3101, 4190),
(631, 3101, 4240),
(632, 3101, 4283),
(633, 3106, 4150),
(634, 3110, 4138),
(635, 3112, 4131),
(636, 3112, 4133),
(637, 3114, 4028),
(638, 3122, 4173),
(639, 3126, 4068),
(640, 3126, 4180),
(641, 3126, 4189),
(642, 3126, 4193),
(643, 3126, 4222),
(644, 3126, 4281),
(645, 3129, 4026),
(646, 3129, 4087),
(647, 3129, 4088),
(648, 3129, 4089),
(649, 3129, 4090),
(650, 3129, 4091),
(651, 3129, 4092),
(652, 3129, 4094),
(653, 3129, 4137),
(654, 3129, 4176),
(655, 3129, 4215),
(656, 3129, 4225),
(657, 3129, 4226),
(658, 3129, 4250),
(659, 3129, 4262),
(660, 3129, 4263),
(661, 3131, 4020),
(662, 3131, 4021),
(663, 3131, 4290),
(664, 3134, 4165),
(665, 3136, 4019),
(666, 3137, 4145),
(667, 3139, 4218),
(668, 3140, 4134),
(669, 3141, 4163),
(670, 3152, 4104),
(671, 3155, 4017),
(672, 3160, 4086),
(673, 3165, 4024),
(674, 3165, 4052),
(675, 3168, 4031),
(676, 3168, 4203),
(677, 3168, 4228),
(678, 3168, 4237),
(679, 3168, 4270),
(680, 3168, 4273),
(681, 3168, 4294),
(682, 3171, 4003),
(683, 3173, 4223),
(684, 3175, 4159),
(685, 3175, 4160),
(686, 3175, 4166),
(687, 3175, 4264),
(688, 3175, 4268),
(689, 3183, 4016),
(690, 3187, 4004),
(691, 3189, 4005),
(692, 3189, 4029),
(693, 3189, 4060),
(694, 3189, 4156),
(695, 3189, 4169),
(696, 3189, 4204),
(697, 3189, 4220),
(698, 3189, 4229),
(699, 3189, 4275),
(700, 3190, 4002),
(701, 3191, 4055),
(702, 3194, 4046),
(703, 3194, 4073),
(704, 3194, 4175),
(705, 3194, 4187),
(706, 3194, 4239),
(707, 3194, 4251),
(708, 3196, 4030),
(709, 3196, 4033),
(710, 3197, 4195),
(711, 3197, 4216),
(712, 3197, 4241),
(713, 3197, 4242),
(714, 3197, 4255),
(715, 3197, 4257),
(716, 3199, 4244),
(717, 3200, 4119),
(718, 3200, 4177),
(719, 3200, 4186),
(720, 3200, 4188),
(721, 3200, 4200),
(722, 3200, 4201),
(723, 3200, 4207),
(724, 3200, 4224),
(725, 3200, 4246),
(726, 3203, 4146),
(727, 3203, 4147),
(728, 3203, 4149),
(729, 3209, 4043),
(730, 3209, 4128),
(731, 3209, 4192),
(732, 3211, 4121),
(733, 3211, 4129),
(734, 3211, 4130),
(735, 3212, 4059),
(736, 3212, 4243),
(737, 3212, 4258),
(738, 3212, 4259),
(739, 3213, 4085),
(740, 3213, 4102),
(741, 3213, 4110),
(742, 3213, 4267),
(743, 3214, 4042),
(744, 3214, 4044),
(745, 3214, 4058),
(746, 3214, 4118),
(747, 3215, 4136),
(748, 3215, 4141),
(749, 3215, 4248),
(750, 3215, 4260),
(751, 3216, 4265),
(752, 3216, 4266),
(753, 3217, 4114),
(754, 3219, 4018),
(755, 3219, 4206),
(756, 3220, 4276),
(757, 3220, 4295),
(758, 3223, 4191),
(759, 3223, 4256),
(760, 3223, 4271),
(761, 3227, 4109),
(762, 3227, 4168),
(763, 3228, 4139),
(764, 3229, 4103),
(765, 3229, 4125),
(766, 3229, 4219),
(767, 3229, 4254),
(768, 3230, 4279),
(769, 3230, 4280),
(770, 3233, 4284),
(771, 3236, 4008),
(772, 3236, 4015),
(773, 3236, 4023),
(774, 3236, 4057),
(775, 3236, 4069),
(776, 3236, 4117),
(777, 3236, 4164),
(778, 3236, 4205),
(779, 3236, 4289),
(780, 3238, 4025),
(781, 3238, 4142),
(782, 3238, 4211),
(783, 2, 4296),
(787, 3022, 4299),
(788, 6, 1061),
(789, 6, 4300),
(790, 4300, 4301),
(791, 4300, 4302),
(792, 3214, 4303),
(793, 2, 4304),
(794, 4234, 4305),
(795, 1061, 4306),
(797, 4234, 4308),
(798, 3022, 4312),
(799, 2049, 4313),
(800, 2049, 4314),
(801, 3197, 4315),
(802, 2139, 4316),
(803, 3229, 4317),
(804, 3212, 4318),
(806, 1069, 4320),
(807, 1069, 4321),
(808, 1069, 4322),
(809, 1017, 4323),
(811, 2, 4325),
(812, 4304, 4326),
(813, 2, 4327),
(814, 3002, 3021),
(815, 3002, 3026),
(816, 1025, 4328),
(817, 4328, 3003),
(818, 4328, 3045),
(819, 3189, 4329),
(820, 3078, 4330),
(821, 2145, 4331),
(822, 4331, 4332),
(823, 4331, 4333),
(824, 4331, 4334),
(825, 4331, 4335),
(826, 4331, 4336),
(827, 3214, 4337),
(828, 2115, 4338),
(829, 3165, 4179),
(830, 1039, 4339),
(831, 14, 4340),
(832, 2018, 4341),
(833, 2018, 4342),
(834, 14, 4343),
(835, 14, 4344),
(836, 14, 4345),
(837, 9, 4346),
(838, 14, 4347),
(839, 15, 4348),
(840, 1, 4349),
(841, 4349, 4350),
(843, 15, 4351),
(844, 4300, 4352),
(845, 1053, 4353),
(846, 3175, 4354),
(847, 3175, 4355),
(848, 4325, 4356),
(850, 3041, 4358),
(851, 4350, 4359),
(852, 4350, 4360),
(853, 4350, 4361),
(854, 1055, 4362),
(855, 3214, 4363),
(856, 3214, 4364),
(857, 1067, 4365),
(858, 1067, 4366),
(859, 4349, 4367),
(860, 4367, 4368),
(861, 4367, 4369),
(862, 4367, 4370),
(863, 3168, 4371),
(864, 1026, 4372),
(865, 4372, 4373),
(866, 4372, 4374),
(867, 4372, 4375),
(868, 4372, 4376),
(869, 4367, 4377),
(870, 4367, 4378),
(871, 4234, 4379),
(874, 4325, 4382),
(875, 4325, 4383),
(877, 4125, 4385),
(878, 3, 4386),
(879, 4386, 4381),
(880, 4386, 4387);



--
-- Dumping data for table `employee_has_skill` until (19-October-2017)
--

INSERT INTO `employee_has_skill` (`idEhs`,  `idEmployee`, `idSkill`, `levelExpertise`, `levelInterest`, `isTrainer`) VALUES
(NULL,'1', '4', '1', '1', '0'),
(NULL,'1', '5', '1', '1', '0'),
(NULL,'1', '6', '1', '2', '0'),
(NULL,'1', '3163', '2', '2', '0'),
(NULL,'1', '3207', '2', '1', '0'),
(NULL,'1', '4032', '2', '3', '0'),
(NULL,'1', '4173', '1', '1', '0'),
(NULL,'1', '4296', '0', '0', '0'),
(NULL,'1', '4304', '1', '1', '0'),
(NULL,'32008394', '1031', '1', '3', '0'),
(NULL,'32008394', '2011', '2', '3', '0'),
(NULL,'32008394', '2073', '1', '2', '0'),
(NULL,'32008394', '2107', '1', '3', '0'),
(NULL,'32008394', '3132', '2', '0', '0'),


('32008394', 4037, 1, 3, 0),
('32008394', 4039, 1, 3, 0),
('32008394', 4059, 3, 3, 0),
('32008394', 4126, 2, 3, 0),
('32008394', 4129, 3, 2, 0),
('32008394', 4160, 2, 3, 0),
('32008394', 4264, 0, 3, 0),
('32008394', 4302, 1, 3, 0),
('32008394', 4322, 2, 3, 0),
('32008961', 2, 2, 1, 0),
('32008961', 5, 1, 2, 0),
('32008961', 6, 3, 2, 0),
('32008961', 7, 2, 2, 0),
('32008961', 8, 1, 1, 0),
('32008961', 10, 2, 2, 0),
('32008961', 14, 3, 0, 0),
('32008961', 16, 2, 2, 0),
('32008961', 2005, 1, 2, 0),
('32008961', 3062, 1, 2, 0),
('32008961', 3090, 3, 1, 0),
('32008961', 3208, 1, 1, 0),
('32008961', 4039, 1, 1, 0),
('32008961', 4205, 1, 1, 0),
('32008961', 4296, 1, 1, 0),
('32008961', 4304, 2, 0, 0),
('32008961', 4313, 0, 2, 0),
('32010154', 3064, 2, 2, 0),
('32010154', 3084, 1, 2, 0),
('32010154', 4029, 2, 1, 0),
('32010154', 4037, 0, 2, 0),
('32010154', 4168, 2, 2, 0),
('32010154', 4197, 0, 2, 0),
('32010154', 4234, 2, 2, 0),
('32010154', 4313, 0, 2, 0),
('32010154', 4358, 2, 2, 0),
('32012247', 1020, 2, 3, 0),
('32012247', 1022, 0, 3, 0),
('32012247', 1024, 1, 3, 0),
('32012247', 1030, 0, 2, 0),
('32012247', 1063, 3, 3, 0),
('32012247', 2005, 1, 3, 0),
('32012247', 2006, 1, 2, 0),
('32012247', 2008, 1, 3, 0),
('32012247', 2025, 0, 2, 0),
('32012247', 2054, 0, 2, 0),
('32012247', 2072, 0, 1, 0),
('32012247', 2073, 0, 2, 0),
('32012247', 2075, 1, 3, 0),
('32012247', 2092, 1, 2, 0),
('32012247', 2094, 2, 2, 0),
('32012247', 2097, 0, 2, 0),
('32012247', 2099, 2, 2, 0),
('32012247', 2116, 0, 2, 0),
('32012247', 2131, 2, 2, 0),
('32012247', 3010, 0, 2, 0),
('32012247', 3042, 0, 3, 0),
('32012247', 3055, 2, 3, 0),
('32012247', 3064, 0, 2, 0),
('32012247', 3075, 0, 2, 0),
('32012247', 3079, 0, 2, 0),
('32012247', 3083, 0, 2, 0),
('32012247', 3105, 0, 3, 0),
('32012247', 3120, 1, 0, 0),
('32012247', 3125, 1, 3, 0),
('32012247', 3142, 1, 3, 0),
('32012247', 3144, 1, 2, 0),
('32012247', 3149, 1, 2, 0),
('32012247', 3154, 0, 2, 0),
('32012247', 3158, 1, 3, 0),
('32012247', 3167, 0, 2, 0),
('32012247', 3179, 1, 3, 0),
('32012247', 3180, 0, 2, 0),
('32012247', 4002, 0, 3, 0),
('32012247', 4009, 0, 2, 0),
('32012247', 4019, 1, 3, 0),
('32012247', 4021, 1, 2, 0),
('32012247', 4031, 1, 2, 0),
('32012247', 4033, 0, 1, 0),
('32012247', 4035, 2, 3, 0),
('32012247', 4037, 1, 3, 0),
('32012247', 4038, 0, 2, 0),
('32012247', 4039, 1, 2, 0),
('32012247', 4044, 1, 3, 0),
('32012247', 4053, 0, 3, 0),
('32012247', 4064, 0, 3, 0),
('32012247', 4065, 0, 3, 0),
('32012247', 4067, 1, 3, 0),
('32012247', 4092, 2, 2, 0),
('32012247', 4103, 1, 3, 0),
('32012247', 4104, 0, 1, 0),
('32012247', 4118, 1, 1, 0),
('32012247', 4124, 0, 2, 0),
('32012247', 4138, 0, 1, 0),
('32012247', 4160, 1, 2, 0),
('32012247', 4184, 0, 2, 0),
('32012247', 4195, 1, 3, 0),
('32012247', 4273, 0, 2, 0),
('32012247', 4280, 0, 3, 0),
('32012247', 4294, 1, 1, 0),
('32012247', 4301, 0, 1, 0),
('32012247', 4302, 1, 3, 0),
('32012247', 4306, 0, 3, 0),
('32012247', 4316, 2, 3, 0),
('32012247', 4317, 1, 1, 0),

-----------------------------------------------------------------------------------------------
--------------------------------------- segunda parte --------------------------------------
-----------------------------------------------------------------------------------------------
INSERT INTO `employee_has_skill` (`idEmployee`, `idSkill`, `levelExpertise`, `levelInterest`, `isTrainer`) VALUES

('32417890', 2094, 2, 1, 0),
('32418111', 3172, 2, 2, 0),
('32418111', 4039, 1, 1, 0),
('32418111', 4170, 2, 2, 0),
('32418520', 2094, 3, 0, 0),
('32418520', 4124, 2, 2, 0),
('32418520', 4321, 3, 2, 0),
('32418520', 4322, 3, 2, 0),
('32419429', 7, 2, 2, 0),
('32419429', 1024, 2, 3, 0),
('32419429', 2005, 2, 2, 0),
('32419429', 2006, 0, 1, 0),
('32419429', 2075, 2, 3, 0),
('32419429', 2092, 1, 2, 0),
('32419429', 2107, 2, 2, 0),
('32419429', 3179, 2, 3, 0),
('32419429', 4077, 2, 3, 0),
('32419429', 4094, 2, 0, 0),
('32422277', 1020, 2, 3, 0),
('32422277', 1024, 1, 3, 0),
('32422277', 2005, 1, 2, 0),
('32422277', 2006, 1, 1, 0),
('32422277', 2008, 0, 3, 0),
('32422277', 2025, 0, 2, 0),
('32422277', 2061, 1, 0, 0),
('32422277', 2073, 1, 2, 0),
('32422277', 2075, 1, 3, 0),
('32422277', 2092, 1, 2, 0),
('32422277', 2096, 2, 1, 0),
('32422277', 2119, 2, 1, 0),
('32422277', 2131, 2, 1, 0),
('32422277', 2133, 0, 1, 0),
('32422277', 3066, 1, 2, 0),
('32422277', 3102, 1, 2, 0),
('32422277', 3138, 1, 2, 0),
('32422277', 3179, 2, 1, 0),
('32422277', 3180, 1, 1, 0),
('32422277', 3208, 1, 0, 0),
('32422277', 4024, 2, 1, 0),
('32422277', 4039, 2, 1, 0),
('32422277', 4040, 1, 2, 0),
('32422277', 4044, 2, 2, 0),
('32422277', 4058, 2, 2, 0),
('32422277', 4077, 1, 1, 0),
('32422277', 4103, 2, 3, 0),
('32422277', 4124, 1, 1, 0),
('32422277', 4184, 0, 2, 0),
('32422277', 4204, 1, 2, 0),
('32422277', 4220, 0, 2, 0),
('32422277', 4241, 1, 2, 0),
('32422277', 4242, 1, 2, 0),
('32422277', 4248, 1, 1, 0),
('32422277', 4258, 1, 1, 0),
('32422277', 4259, 1, 2, 0),
('32422277', 4302, 1, 2, 0),
('32422277', 4305, 0, 2, 0),
('32422277', 4308, 0, 2, 0),
('32422277', 4312, 0, 2, 0),
('32422277', 4313, 0, 1, 0),
('32422277', 4314, 0, 2, 0),
('32422277', 4315, 1, 2, 0),
('32422277', 4316, 2, 1, 0),
('32422277', 4317, 1, 0, 0),
('32422532', 4132, 2, 1, 0),
('32423107', 2025, 1, 2, 0),
('32423107', 3042, 1, 2, 0),
('32423107', 3212, 2, 3, 0),
('32423107', 4039, 2, 2, 0),
('32423107', 4141, 2, 2, 0),
('32423107', 4160, 1, 2, 0),
('32423107', 4167, 2, 2, 0),
('32423378', 1024, 1, 2, 0),
('32423378', 1062, 0, 0, 0),
('32423378', 3087, 2, 2, 0),
('32423378', 3164, 2, 2, 0),
('32423378', 4039, 2, 2, 0),
('32423378', 4140, 1, 2, 0),
('32423378', 4184, 1, 1, 0),
('32423378', 4234, 2, 2, 0),
('32423378', 4245, 2, 1, 0),
('32423378', 4312, 1, 2, 0),
('32423378', 4313, 1, 2, 0),
('32423394', 1, 2, 1, 0),
('32423394', 4267, 2, 2, 0),
('32423643', 1016, 2, 2, 0),
('32423643', 2012, 2, 2, 0),
('32423643', 4304, 2, 2, 0),
('32423933', 4044, 1, 1, 0),
('32423933', 4243, 1, 2, 0),
('32424170', 1020, 2, 2, 0),
('32424170', 1024, 1, 3, 0),
('32424170', 1030, 1, 1, 0),
('32424170', 1063, 3, 1, 0),
('32424170', 2005, 2, 2, 0),
('32424170', 2008, 2, 2, 0),
('32424170', 2011, 2, 2, 0),
('32424170', 2024, 2, 2, 0),
('32424170', 2025, 2, 2, 0),
('32424170', 2040, 2, 2, 0),
('32424170', 2073, 2, 2, 0),
('32424170', 2075, 1, 2, 0),
('32424170', 2092, 2, 2, 0),
('32424170', 2094, 3, 2, 0),
('32424170', 2099, 2, 2, 0),
('32424170', 2131, 2, 1, 0),
('32424170', 2134, 2, 1, 0),
('32424170', 3035, 1, 2, 0),
('32424170', 3042, 2, 1, 0),
('32424170', 3058, 2, 1, 0),
('32424170', 3087, 2, 1, 0),
('32424170', 3120, 2, 0, 0),
('32424170', 3142, 2, 1, 0),
('32424170', 3144, 2, 1, 0),
('32424170', 3146, 2, 2, 0),
('32424170', 3174, 1, 1, 0),
('32424170', 3179, 2, 1, 0),
('32424170', 3180, 2, 1, 0),
('32424170', 4024, 2, 1, 0),
('32424170', 4033, 1, 1, 0),
('32424170', 4035, 2, 1, 0),
('32424170', 4036, 2, 1, 0),
('32424170', 4037, 1, 1, 0),
('32424170', 4039, 2, 1, 0),
('32424170', 4044, 2, 1, 0),
('32424170', 4058, 2, 1, 0),
('32424170', 4070, 2, 1, 0),
('32424170', 4077, 2, 1, 0),
('32424170', 4103, 1, 2, 0),
('32424170', 4108, 2, 1, 0),
('32424170', 4118, 2, 1, 0),
('32424170', 4124, 2, 1, 0),
('32424170', 4128, 2, 1, 0),
('32424170', 4140, 2, 1, 0),
('32424170', 4147, 2, 1, 0),
('32424170', 4157, 1, 1, 0),
('32424170', 4160, 2, 1, 0),
('32424170', 4167, 2, 1, 0),
('32424170', 4212, 1, 1, 0),
('32424170', 4219, 2, 1, 0),
('32424170', 4228, 1, 1, 0),
('32424170', 4230, 2, 1, 0),
('32424170', 4243, 2, 1, 0),
('32424170', 4245, 2, 1, 0),
('32424170', 4248, 2, 1, 0),
('32424170', 4258, 2, 1, 0),
('32424170', 4303, 2, 1, 0),
('32424170', 4317, 2, 1, 0),
('32424170', 4322, 2, 1, 0),
('32424170', 4346, 2, 1, 0),
('32424170', 4348, 2, 2, 0),
('32424170', 4351, 2, 1, 0),
('32424170', 4358, 1, 1, 0),
('32424170', 4362, 2, 1, 0),
('32424170', 4379, 1, 1, 0),
('32424170', 4381, 0, 2, 0),
('32424170', 4387, 2, 1, 0),
('32424170', 4388, 2, 1, 0),
('32427939', 2005, 2, 3, 0),
('32427939', 2006, 2, 1, 0),
('32427939', 2008, 2, 3, 0),
('32427939', 2025, 0, 2, 0),
('32427939', 2061, 0, 0, 0),
('32427939', 2073, 0, 3, 0),
('32427939', 2096, 0, 1, 0),
('32427939', 2119, 0, 1, 0),
('32427939', 2150, 0, 1, 0),
('32427939', 3180, 0, 2, 0),
('32427939', 4024, 0, 1, 0),
('32427939', 4039, 1, 1, 0),
('32427939', 4040, 0, 1, 0),
('32427939', 4077, 1, 3, 0),
('32427939', 4184, 0, 1, 0),
('32427939', 4204, 0, 1, 0),
('32427939', 4220, 0, 2, 0),
('32427939', 4248, 1, 1, 0),
('32427939', 4258, 0, 1, 0),
('32427939', 4259, 1, 2, 0),
('32427939', 4302, 0, 3, 0),
('32427939', 4312, 0, 1, 0),
('32427939', 4313, 0, 1, 0),
('32427939', 4314, 0, 2, 0),
('32429086', 1, 0, 0, 0),
('32429603', 1020, 2, 3, 0),
('32429603', 2006, 1, 1, 0),
('32429603', 2011, 1, 2, 0),
('32429603', 2025, 1, 2, 0),
('32429603', 2040, 1, 2, 0),
('32429603', 2041, 2, 2, 0),
('32429603', 2061, 2, 3, 0),
('32429603', 2073, 1, 3, 0),
('32429603', 2075, 1, 2, 0),
('32429603', 2092, 1, 2, 0),
('32429603', 2096, 2, 1, 0),
('32429603', 2116, 2, 2, 0),
('32429603', 2119, 2, 2, 0),
('32429603', 2131, 2, 1, 0),
('32429603', 3058, 2, 1, 0),
('32429603', 3142, 2, 1, 0),
('32429603', 3179, 2, 2, 0),
('32429603', 4040, 2, 1, 0),
('32429603', 4148, 2, 1, 0),
('32429603', 4173, 1, 1, 0),
('32429603', 4299, 2, 2, 0),
('32429603', 4302, 2, 3, 0),
('32429603', 4306, 1, 2, 0),
('32432070', 1024, 1, 3, 0),
('32432240', 2005, 2, 3, 0),
('32432240', 2006, 2, 2, 0),
('32432240', 2008, 2, 3, 0),
('32432240', 2025, 0, 1, 0),
('32432240', 2057, 1, 3, 0),
('32432240', 2073, 0, 2, 0),
('32432240', 4039, 1, 2, 0),
('32432240', 4184, 0, 2, 0),
('32432240', 4302, 0, 2, 0),
('32432240', 4312, 0, 2, 0),
('32432240', 4314, 0, 2, 0),
('32432510', 1020, 2, 2, 0),
('32432510', 1024, 1, 3, 0),
('32432510', 3006, 0, 2, 0),
('32432510', 3010, 1, 3, 0),
('32432510', 3081, 1, 2, 0),
('32432510', 3083, 1, 3, 0),
('32432510', 3084, 0, 3, 0),
('32432510', 3150, 1, 3, 0),
('32432510', 3158, 3, 3, 0),
('32432510', 3166, 1, 3, 0),
('32432510', 3224, 1, 2, 0),
('32432510', 4022, 1, 2, 0),
('32432510', 4036, 1, 3, 0),
('32432510', 4037, 2, 3, 0),
('32432510', 4058, 2, 2, 0),
('32432510', 4079, 0, 3, 0),
('32432510', 4103, 2, 3, 0),
('32432510', 4154, 2, 3, 0),
('32432510', 4157, 0, 2, 0),
('32432510', 4169, 1, 3, 0),
('32432510', 4221, 1, 2, 0),
('32432510', 4248, 0, 2, 0),
('32432510', 4258, 0, 2, 0),
('32432510', 4260, 0, 2, 0),
('32432510', 4332, 2, 2, 0),
('32432510', 4337, 0, 2, 0),
('32432510', 4338, 1, 3, 0),
('32434094', 1020, 2, 3, 0),
('32434094', 1022, 0, 3, 0),
('32434094', 1024, 1, 3, 0),
('32434094', 1030, 0, 2, 0),
('32434094', 1031, 0, 3, 0),
('32434094', 1063, 2, 3, 0),
('32434094', 2005, 2, 2, 0),
('32434094', 2006, 2, 2, 0),
('32434094', 2008, 2, 3, 0),
('32434094', 2011, 1, 2, 0),
('32434094', 2025, 0, 2, 0),
('32434094', 2031, 0, 2, 0),
('32434094', 2036, 0, 2, 0),
('32434094', 2040, 1, 2, 0),
('32434094', 2054, 0, 2, 0),
('32434094', 2057, 1, 2, 0),
('32434094', 2061, 1, 2, 0),
('32434094', 2075, 0, 3, 0),
('32434094', 2092, 1, 3, 0),
('32434094', 2105, 0, 2, 0),
('32434094', 2106, 0, 2, 0),
('32434094', 2107, 0, 2, 0),
('32434094', 2116, 0, 3, 0),
('32434094', 2118, 0, 2, 0),
('32434094', 2131, 2, 2, 0),
('32434094', 3042, 0, 3, 0),
('32434094', 3079, 0, 2, 0),
('32434094', 3142, 2, 1, 0),
('32434094', 3144, 2, 1, 0),
('32434094', 3149, 2, 1, 0),
('32434094', 3154, 0, 2, 0),
('32434094', 3158, 2, 2, 0),
('32434094', 3167, 0, 2, 0),
('32434094', 3179, 2, 2, 0),
('32434094', 3224, 1, 2, 0),
('32434094', 4005, 1, 1, 0),
('32434094', 4009, 0, 2, 0),
('32434094', 4031, 0, 2, 0),
('32434094', 4035, 2, 3, 0),
('32434094', 4036, 1, 2, 0),
('32434094', 4039, 1, 2, 0),
('32434094', 4044, 1, 2, 0),
('32434094', 4057, 1, 1, 0),
('32434094', 4058, 1, 2, 0),
('32434094', 4077, 1, 2, 0),
('32434094', 4103, 1, 2, 0),
('32434094', 4117, 1, 1, 0),
('32434094', 4128, 1, 1, 0),
('32434094', 4148, 2, 2, 0),
('32434094', 4151, 1, 2, 0),
('32434094', 4160, 1, 2, 0),
('32434094', 4163, 2, 1, 0),
('32434094', 4166, 1, 2, 0),
('32434094', 4184, 0, 2, 0),
('32434094', 4190, 1, 2, 0),
('32434094', 4205, 1, 1, 0),
('32434094', 4207, 1, 2, 0),
('32434094', 4237, 0, 2, 0),
('32434094', 4243, 1, 2, 0),
('32434094', 4258, 0, 2, 0),
('32434094', 4259, 2, 2, 0),
('32434094', 4264, 0, 2, 0),
('32434094', 4272, 1, 2, 0),
('32434094', 4273, 1, 2, 0),
('32434094', 4283, 1, 2, 0),
('32434094', 4291, 1, 2, 0),
('32434094', 4299, 1, 2, 0),
('32434094', 4302, 1, 3, 0),
('32434094', 4305, 0, 2, 0),
('32434094', 4312, 0, 2, 0),
('32434094', 4316, 2, 2, 0),
('32434094', 4317, 2, 2, 0),
('32434405', 1020, 2, 3, 0),
('32434405', 1024, 1, 2, 0),
('32434405', 1031, 1, 3, 0),
('32434405', 1063, 3, 3, 0),
('32434405', 2005, 2, 2, 0),
('32434405', 2006, 2, 2, 0),
('32434405', 2008, 2, 2, 0),
('32434405', 2025, 1, 2, 0),
('32434405', 2036, 1, 2, 0),
('32434405', 2054, 0, 2, 0),
('32434405', 2073, 0, 2, 0),
('32434405', 2075, 1, 2, 0),
('32434405', 2092, 1, 1, 0),
('32434405', 2099, 1, 2, 0),
('32434405', 2118, 0, 1, 0),
('32434405', 3010, 1, 2, 0),
('32434405', 3046, 1, 2, 0),
('32434405', 3079, 0, 2, 0),
('32434405', 3083, 0, 2, 0),
('32434405', 3087, 1, 2, 0),
('32434405', 3120, 2, 0, 0),
('32434405', 3142, 2, 1, 0),
('32434405', 3143, 2, 2, 0),
('32434405', 3144, 2, 1, 0),
('32434405', 3145, 2, 1, 0),
('32434405', 3146, 1, 2, 0),
('32434405', 3149, 2, 1, 0),
('32434405', 3154, 0, 2, 0),
('32434405', 3167, 0, 2, 0),
('32434405', 3204, 1, 2, 0),
('32434405', 3240, 2, 1, 0),
('32434405', 4002, 0, 2, 0),
('32434405', 4019, 1, 2, 0),
('32434405', 4031, 0, 2, 0),
('32434405', 4035, 2, 2, 0),
('32434405', 4057, 2, 1, 0),
('32434405', 4070, 2, 1, 0),
('32434405', 4117, 2, 1, 0),
('32434405', 4123, 2, 1, 0),
('32434405', 4124, 1, 1, 0),
('32434405', 4126, 2, 2, 0),
('32434405', 4157, 1, 1, 0),
('32434405', 4160, 1, 2, 0),
('32434405', 4163, 1, 2, 0),
('32434405', 4168, 1, 2, 0),
('32434405', 4179, 1, 2, 0),
('32434405', 4190, 1, 1, 0),
('32434405', 4197, 0, 2, 0),
('32434405', 4220, 1, 2, 0),
('32434405', 4244, 1, 1, 0),
('32434405', 4269, 0, 2, 0),
('32434405', 4272, 0, 2, 0),
('32434405', 4283, 2, 2, 0),
('32434405', 4302, 2, 2, 0),
('32434405', 4317, 1, 1, 0),
('32434405', 4352, 1, 1, 0),
('32434405', 4362, 2, 1, 0),
('32434405', 4383, 3, 3, 0),
('32434405', 4385, 2, 2, 0);
