-- phpMyAdmin SQL Dump
-- version 4.7.0
-- https://www.phpmyadmin.net/
--
-- Servidor: 127.0.0.1
-- Tiempo de generación: 19-10-2017 a las 22:57:59
-- Versión del servidor: 10.1.25-MariaDB
-- Versión de PHP: 5.6.31

SET SQL_MODE = "NO_AUTO_VALUE_ON_ZERO";
SET AUTOCOMMIT = 0;
START TRANSACTION;
SET time_zone = "+00:00";


/*!40101 SET @OLD_CHARACTER_SET_CLIENT=@@CHARACTER_SET_CLIENT */;
/*!40101 SET @OLD_CHARACTER_SET_RESULTS=@@CHARACTER_SET_RESULTS */;
/*!40101 SET @OLD_COLLATION_CONNECTION=@@COLLATION_CONNECTION */;
/*!40101 SET NAMES utf8mb4 */;

--
-- Base de datos: `facilito`
--

-- --------------------------------------------------------

--
-- Estructura de tabla para la tabla `countries`
--

CREATE TABLE `countries` (
  `id` int(10) NOT NULL,
  `name` varchar(100) NOT NULL,
  `status` tinyint(1) NOT NULL
) ENGINE=InnoDB DEFAULT CHARSET=latin1;

--
-- Volcado de datos para la tabla `countries`
--

INSERT INTO `countries` (`id`, `name`, `status`) VALUES
(3, 'México', 1),
(4, 'España', 1),
(5, 'Alemania', 1);

-- --------------------------------------------------------

--
-- Estructura de tabla para la tabla `employee`
--

CREATE TABLE `employee` (
  `idEmployee` char(10) NOT NULL,
  `idDirectSupervisor` char(10) NOT NULL,
  `namePicture` varchar(255) DEFAULT NULL,
  `typePicture` varchar(255) DEFAULT NULL,
  `sizePicture` varchar(255) DEFAULT NULL,
  `idLocation` char(5) NOT NULL,
  `businessUnit` varchar(10) NOT NULL,
  `discipline` varchar(45) NOT NULL,
  `idTeam` varchar(45) NOT NULL,
  `hiringDate` varchar(45) NOT NULL,
  `pdc` varchar(45) NOT NULL,
  `nameEmployee` char(255) NOT NULL,
  `password` varchar(40) DEFAULT NULL
) ENGINE=InnoDB DEFAULT CHARSET=latin1;

--
-- Volcado de datos para la tabla `employee`
--

INSERT INTO `employee` (`idEmployee`, `idDirectSupervisor`, `namePicture`, `typePicture`, `sizePicture`, `idLocation`, `businessUnit`, `discipline`, `idTeam`, `hiringDate`, `pdc`, `nameEmployee`, `password`) VALUES
('00000000', '0', '0', '0', '0', 'GDN', '000000', '0', 'SW', '0', '0', 'development', 'development'),
('32000042', '0', '0', '0', '0', 'GDN', '0', '0', 'SE', '0', '0', 'MEJIA GONZALEZ JESUS DAVID', '32000042'),
('32000058', '0', '0', '0', '0', 'GDN', '0', '0', 'SW', '0', '0', 'SILVA BANUELOS LUIS ADAN', '32000058'),
('32007656', '0', '0', '0', '0', 'GDN', '0', '0', 'CDS', '0', '0', 'ALCARAZ ZAMUDIO ALEJANDRO', '32007656'),
('32007684', '0', '0', '0', '0', 'GDN', '0', '0', 'FT', '0', '0', 'NAVARRO LIMON CARLOS EDUARDO', '32007684'),
('32007895', '0', '0', '0', '0', 'GDN', '0', '0', 'FT', '0', '0', 'OROZCO CHAVEZ JOSE', '32007895'),
('32008179', '0', '0', '0', '0', 'GDN', '0', '0', 'CDH', '0', '0', 'PEREZ ESTEVES JOSUE', '32008179'),
('32008394', '0', '0', '0', '0', 'GDN', '0', '0', 'SW', '0', '0', 'NILO RODRIGUEZ MARIELA', '32008394'),
('32008397', '0', '0', '0', '0', 'GDN', '0', '0', 'FT', '0', '0', 'ORTA CASTILLO DANIEL', '32008397'),
('32008398', '0', '0', '0', '0', 'GDN', '0', '0', 'SE', '0', '0', 'ALEJO ARTURO', '32008398'),
('32008950', '0', '0', '0', '0', 'GDN', '0', '0', 'CDH', '0', '0', 'GARCIA ESPINOZA SERGIO', '32008950'),
('32008951', '0', '0', '0', '0', 'GDN', '0', '0', 'FT', '0', '0', 'GONZALEZ FERNANDEZ MAURICIO', '32008951'),
('32008961', '0', '0', '0', '0', 'GDN', '0', '0', 'SW', '0', '0', 'CAPISTRAN GARZA JIRASH MAURICIO', '32008961'),
('32009189', '0', '0', '0', '0', 'GDN', '0', '0', 'CDS', '0', '0', 'LA VERDE RODRIGUEZ JOSE NORBERTO', '32009189'),
('32009190', '0', '0', '0', '0', 'GDN', '0', '0', 'CDS', '0', '0', 'CORREA CHICA JUAN CAMILO', '32009190'),
('32009476', '0', '0', '0', '0', 'GDN', '0', '0', 'EE', '0', '0', 'TAPIA HERNANDEZ ALEJANDRO', '32009476'),
('32009701', '0', '0', '0', '0', 'GDN', '0', '0', 'CDS', '0', '0', 'PRECUP TIBERIU', '32009701'),
('32009937', '0', '0', '0', '0', 'GDN', '0', '0', 'QA', '0', '0', 'MORIMOTO SANDOVAL HIDEMI', '32009937'),
('32009942', '0', '0', '0', '0', 'GDN', '0', '0', 'ME', '0', '0', 'SILVA RODRIGUEZ WILFRIDO RIGOBERTO', '32009942'),
('32009947', '0', '0', '0', '0', 'GDN', '0', '0', 'ME', '0', '0', 'ALVAREZ TEJEDA MIGUEL ANGEL', '32009947'),
('32009950', '0', '0', '0', '0', 'GDN', '0', '0', 'FT', '0', '0', 'CHAPULA MENDOZA VICTOR RAMON', '32009950'),
('32009953', '0', '0', '0', '0', 'GDN', '0', '0', 'FT', '0', '0', 'REYNOSO GARCIA OSVALDO JAVIER', '32009953'),
('32010152', '0', '0', '0', '0', 'GDN', '0', '0', 'ME', '0', '0', 'MEDINA SOTELO SIMON', '32010152'),
('32010153', '0', '0', '0', '0', 'GDN', '0', '0', 'EE', '0', '0', 'HERNANDEZ REVELES RICARDO', '32010153'),
('32010154', '0', '0', '0', '0', 'GDN', '0', '0', 'CDS', '0', '0', 'LUNA GONZALEZ OSCAR', '32010154'),
('32010339', '0', '0', '0', '0', 'GDN', '0', '0', 'SW', '0', '0', 'PAREDES CARDONA DAVID IVAN', '32010339'),
('32010340', '0', '0', '0', '0', 'GDN', '0', '0', 'SW', '0', '0', 'AGUILAR GUZMAN VICTOR ISAI', '32010340'),
('32010342', '0', '0', '0', '0', 'GDN', '0', '0', 'ME', '0', '0', 'BARBA ZUBIA JORGE ANTONIO', '32010342'),
('32010345', '0', '0', '0', '0', 'GDN', '0', '0', 'CDM', '0', '0', 'RAMIREZ CAMPOS JUAN SEBASTIAN', '32010345'),
('32010893', '0', '0', '0', '0', 'GDN', '0', '0', 'SW', '0', '0', 'MOLINA GARATE PAUL', '32010893'),
('32010899', '0', '0', '0', '0', 'GDN', '0', '0', 'FT', '0', '0', 'PRECIADO MARTINEZ ERIK FRANCISCO', '32010899'),
('32010903', '0', '0', '0', '0', 'GDN', '0', '0', 'CDM', '0', '0', 'MENDOZA DE LA TORRE ULISES', '32010903'),
('32011224', '0', '0', '0', '0', 'GDN', '0', '0', 'SW', '0', '0', 'CONTRERAS GODOY JOSE ANGEL', '32011224'),
('32012247', '0', '0', '0', '0', 'GDN', '0', '0', 'SW', '0', '0', 'RAMIREZ SANCHEZ EARL ORLANDO', '32012247'),
('32012706', '0', '0', '0', '0', 'GDN', '0', '0', 'ME', '0', '0', 'QUINTERO CHAVEZ ERIK', '32012706'),
('32012739', '0', '0', '0', '0', 'GDN', '0', '0', 'SW', '0', '0', 'GARCIA VILCHIS ROBERTO MIGUEL', '32012739'),
('32012812', '0', '0', '0', '0', 'GDN', '0', '0', 'FT', '0', '0', 'HERNANDEZ TORRES JUAN PABLO', '32012812'),
('32013002', '0', '0', '0', '0', 'GDN', '0', '0', 'ME', '0', '0', 'VACA PEREIRA GHIRGHI MARCELO', '32013002'),
('32013287', '0', '0', '0', '0', 'GDN', '0', '0', 'FT', '0', '0', 'COBOS HERNANDEZ ELI DE JESUS', '32013287'),
('32014117', '0', '0', '0', '0', 'GDN', '0', '0', 'FT', '0', '0', 'ORTIZ MENDOZA ABRAHAM OSIRIS', '32014117'),
('32014119', '0', '0', '0', '0', 'GDN', '0', '0', 'SE', '0', '0', 'OROZCO MICHEL MARCELA', '32014119'),
('32014120', '0', '0', '0', '0', 'GDN', '0', '0', 'SE', '0', '0', 'ENCISO PONCE ANHUAR DANIEL', '32014120'),
('32014127', '0', '0', '0', '0', 'GDN', '0', '0', 'SE', '0', '0', 'LOERA GONZALEZ CARMEN GABRIELA', '32014127'),
('32017688', '0', '0', '0', '0', 'GDN', '0', '0', 'SW', '0', '0', 'AVALOS BUENO JORDAN ABEL', '32017688'),
('32017692', '0', '0', '0', '0', 'GDN', '0', '0', 'SE', '0', '0', 'CAMPOS CHAVEZ CARLOS JESUS', '32017692'),
('32020309', '0', '0', '0', '0', 'GDN', '0', '0', 'HR', '0', '0', 'JIMENEZ JIMENEZ ROSALBA', '32020309'),
('32020939', '0', '0', '0', '0', 'GDN', '0', '0', 'SE', '0', '0', 'GONZALEZ BARBA PRISCILA', '32020939'),
('32020942', '0', '0', '0', '0', 'GDN', '0', '0', 'FT', '0', '0', 'RUEDA SANTOS JUAN ANTONIO', '32020942'),
('32021330', '0', '0', '0', '0', 'GDN', '0', '0', 'FT', '0', '0', 'MERINO NAVARRO LUIS GERARDO', '32021330'),
('32021331', '0', '0', '0', '0', 'GDN', '0', '0', 'SE', '0', '0', 'MONTUFAR AGUILAR DAVID ISAIAS', '32021331'),
('32022442', '0', '0', '0', '0', 'GDN', '0', '0', 'QA', '0', '0', 'VALADEZ GARCIA MARTHA JANETT', '32022442'),
('32411050', '0', '0', '0', '0', 'GDN', '0', '0', 'PM', '0', '0', 'KORTRIGHT BARRERAS LUIS ALFONSO', '32411050'),
('32411318', '0', '0', '0', '0', 'GDN', '0', '0', 'SW', '0', '0', 'CARRANZA ANGELES ALEJANDRO', '32411318'),
('32411351', '0', '0', '0', '0', 'GDN', '0', '0', 'Mgmt', '0', '0', 'DOMINGUEZ AGUILAR JORGE ALBERTO', '32411351');

-- --------------------------------------------------------

--
-- Estructura de tabla para la tabla `employee_has_role`
--

CREATE TABLE `employee_has_role` (
  `idEmployee` char(10) NOT NULL,
  `idRole` int(11) NOT NULL,
  `isCurrent` int(11) NOT NULL,
  `startDate` varchar(45) NOT NULL,
  `endDate` varchar(45) NOT NULL
) ENGINE=InnoDB DEFAULT CHARSET=latin1;

-- --------------------------------------------------------

--
-- Estructura de tabla para la tabla `employee_has_skill`
--

CREATE TABLE `employee_has_skill` (
  `idEmployee` char(10) NOT NULL,
  `idSkill` int(11) NOT NULL,
  `levelExpertise` varchar(45) NOT NULL,
  `levelInterest` varchar(45) NOT NULL,
  `IsTrainer` varchar(45) NOT NULL
) ENGINE=InnoDB DEFAULT CHARSET=latin1;

--
-- Volcado de datos para la tabla `employee_has_skill`
--

INSERT INTO `employee_has_skill` (`idEmployee`, `idSkill`, `levelExpertise`, `levelInterest`, `IsTrainer`) VALUES
('00000000', 4, '1', '1', '0'),
('00000000', 5, '1', '1', '0'),
('00000000', 6, '1', '2', '0'),
('00000000', 3163, '2', '2', '0'),
('00000000', 3207, '2', '1', '0'),
('00000000', 4032, '2', '3', '0'),
('00000000', 4173, '1', '1', '0'),
('00000000', 4296, '0', '0', '0'),
('00000000', 4304, '1', '1', '0'),
('32008394', 1031, '1', '3', '0'),
('32008394', 2011, '2', '3', '0'),
('32008394', 2073, '1', '2', '0'),
('32008394', 2107, '1', '3', '0'),
('32008394', 3132, '2', '0', '0'),
('32008394', 4037, '1', '3', '0'),
('32008394', 4039, '1', '3', '0'),
('32008394', 4059, '3', '3', '0'),
('32008394', 4126, '2', '3', '0'),
('32008394', 4129, '3', '2', '0'),
('32008394', 4160, '2', '3', '0'),
('32008394', 4264, '0', '3', '0'),
('32008394', 4302, '1', '3', '0'),
('32008394', 4322, '2', '3', '0'),
('32008961', 2, '2', '1', '0'),
('32008961', 5, '1', '2', '0'),
('32008961', 6, '3', '2', '0'),
('32008961', 7, '2', '2', '0'),
('32008961', 8, '1', '1', '0'),
('32008961', 10, '2', '2', '0'),
('32008961', 14, '3', '0', '0'),
('32008961', 16, '2', '2', '0'),
('32008961', 2005, '1', '2', '0'),
('32008961', 3062, '1', '2', '0'),
('32008961', 3090, '3', '1', '0'),
('32008961', 3208, '1', '1', '0'),
('32008961', 4039, '1', '1', '0'),
('32008961', 4205, '1', '1', '0'),
('32008961', 4296, '1', '1', '0'),
('32008961', 4304, '2', '0', '0'),
('32008961', 4313, '0', '2', '0'),
('32010154', 3064, '2', '2', '0'),
('32010154', 3084, '1', '2', '0'),
('32010154', 4029, '2', '1', '0'),
('32010154', 4037, '0', '2', '0'),
('32010154', 4168, '2', '2', '0'),
('32010154', 4197, '0', '2', '0'),
('32010154', 4234, '2', '2', '0'),
('32010154', 4313, '0', '2', '0'),
('32010154', 4358, '2', '2', '0'),
('32012247', 1020, '2', '3', '0'),
('32012247', 1022, '0', '3', '0'),
('32012247', 1024, '1', '3', '0'),
('32012247', 1030, '0', '2', '0'),
('32012247', 1063, '3', '3', '0'),
('32012247', 2005, '1', '3', '0'),
('32012247', 2006, '1', '2', '0'),
('32012247', 2008, '1', '3', '0'),
('32012247', 2025, '0', '2', '0'),
('32012247', 2054, '0', '2', '0'),
('32012247', 2072, '0', '1', '0'),
('32012247', 2073, '0', '2', '0'),
('32012247', 2075, '1', '3', '0'),
('32012247', 2092, '1', '2', '0'),
('32012247', 2094, '2', '2', '0'),
('32012247', 2097, '0', '2', '0'),
('32012247', 2099, '2', '2', '0'),
('32012247', 2116, '0', '2', '0'),
('32012247', 2131, '2', '2', '0'),
('32012247', 3010, '0', '2', '0'),
('32012247', 3042, '0', '3', '0'),
('32012247', 3055, '2', '3', '0'),
('32012247', 3064, '0', '2', '0'),
('32012247', 3075, '0', '2', '0'),
('32012247', 3079, '0', '2', '0'),
('32012247', 3083, '0', '2', '0'),
('32012247', 3105, '0', '3', '0'),
('32012247', 3120, '1', '0', '0'),
('32012247', 3125, '1', '3', '0'),
('32012247', 3142, '1', '3', '0'),
('32012247', 3144, '1', '2', '0'),
('32012247', 3149, '1', '2', '0'),
('32012247', 3154, '0', '2', '0'),
('32012247', 3158, '1', '3', '0'),
('32012247', 3167, '0', '2', '0'),
('32012247', 3179, '1', '3', '0'),
('32012247', 3180, '0', '2', '0'),
('32012247', 4002, '0', '3', '0'),
('32012247', 4009, '0', '2', '0'),
('32012247', 4019, '1', '3', '0'),
('32012247', 4021, '1', '2', '0'),
('32012247', 4031, '1', '2', '0'),
('32012247', 4033, '0', '1', '0'),
('32012247', 4035, '2', '3', '0'),
('32012247', 4037, '1', '3', '0'),
('32012247', 4038, '0', '2', '0'),
('32012247', 4039, '1', '2', '0'),
('32012247', 4044, '1', '3', '0'),
('32012247', 4053, '0', '3', '0'),
('32012247', 4064, '0', '3', '0'),
('32012247', 4065, '0', '3', '0'),
('32012247', 4067, '1', '3', '0'),
('32012247', 4092, '2', '2', '0'),
('32012247', 4103, '1', '3', '0'),
('32012247', 4104, '0', '1', '0'),
('32012247', 4118, '1', '1', '0'),
('32012247', 4124, '0', '2', '0'),
('32012247', 4138, '0', '1', '0'),
('32012247', 4160, '1', '2', '0'),
('32012247', 4184, '0', '2', '0'),
('32012247', 4195, '1', '3', '0'),
('32012247', 4273, '0', '2', '0'),
('32012247', 4280, '0', '3', '0'),
('32012247', 4294, '1', '1', '0'),
('32012247', 4301, '0', '1', '0'),
('32012247', 4302, '1', '3', '0'),
('32012247', 4306, '0', '3', '0'),
('32012247', 4316, '2', '3', '0'),
('32012247', 4317, '1', '1', '0');

-- --------------------------------------------------------

--
-- Estructura de tabla para la tabla `group`
--

CREATE TABLE `group` (
  `idGroup` int(11) NOT NULL,
  `nameGroup` varchar(45) NOT NULL
) ENGINE=InnoDB DEFAULT CHARSET=latin1;

-- --------------------------------------------------------

--
-- Estructura de tabla para la tabla `group_has_employee`
--

CREATE TABLE `group_has_employee` (
  `idGroup` int(11) NOT NULL,
  `idEmployee` char(10) NOT NULL,
  `isAdmin` tinyint(4) NOT NULL
) ENGINE=InnoDB DEFAULT CHARSET=latin1;

-- --------------------------------------------------------

--
-- Estructura de tabla para la tabla `group_has_skill`
--

CREATE TABLE `group_has_skill` (
  `idGroup` int(11) NOT NULL,
  `idSkill` int(11) NOT NULL,
  `importance` tinyint(4) NOT NULL,
  `levelRequired` int(11) NOT NULL,
  `skillEveryone` tinyint(4) NOT NULL,
  `peopleRequired` int(11) NOT NULL
) ENGINE=InnoDB DEFAULT CHARSET=latin1;

-- --------------------------------------------------------

--
-- Estructura de tabla para la tabla `location`
--

CREATE TABLE `location` (
  `idLocation` char(5) NOT NULL,
  `nameLocation` varchar(255) NOT NULL
) ENGINE=InnoDB DEFAULT CHARSET=latin1;

--
-- Volcado de datos para la tabla `location`
--

INSERT INTO `location` (`idLocation`, `nameLocation`) VALUES
('ABH', 'Aubun Hills'),
('BBN', 'Babenhausen'),
('BDN', 'Brandys'),
('CHN', 'Wuhu/Nanjing'),
('GDN', 'Guadalajara Periferico'),
('PNN', 'Penang'),
('SGP', 'Singapore'),
('TSR', 'Timisoara');

-- --------------------------------------------------------

--
-- Estructura de tabla para la tabla `log`
--

CREATE TABLE `log` (
  `idLog` int(11) NOT NULL,
  `insert_timestamp` timestamp NOT NULL DEFAULT CURRENT_TIMESTAMP ON UPDATE CURRENT_TIMESTAMP,
  `action` varchar(100) NOT NULL,
  `tableName` varchar(100) NOT NULL,
  `info` text NOT NULL,
  `idEmployee` char(10) NOT NULL
) ENGINE=InnoDB DEFAULT CHARSET=latin1;

-- --------------------------------------------------------

--
-- Estructura de tabla para la tabla `role`
--

CREATE TABLE `role` (
  `idRole` int(11) NOT NULL,
  `nameRole` varchar(255) NOT NULL,
  `informationRole` varchar(255) NOT NULL
) ENGINE=InnoDB DEFAULT CHARSET=latin1;

-- --------------------------------------------------------

--
-- Estructura de tabla para la tabla `role_has_skill`
--

CREATE TABLE `role_has_skill` (
  `idRole` int(11) NOT NULL,
  `idSkill` int(11) NOT NULL,
  `levelExpertise` int(11) NOT NULL
) ENGINE=InnoDB DEFAULT CHARSET=latin1;

-- --------------------------------------------------------

--
-- Estructura de tabla para la tabla `skill`
--

CREATE TABLE `skill` (
  `idSkill` int(11) NOT NULL,
  `nameSkill` varchar(45) NOT NULL,
  `descriptionSkill` varchar(255) NOT NULL,
  `complexity` varchar(45) NOT NULL
) ENGINE=InnoDB DEFAULT CHARSET=latin1;

--
-- Volcado de datos para la tabla `skill`
--

INSERT INTO `skill` (`idSkill`, `nameSkill`, `descriptionSkill`, `complexity`) VALUES
(1, 'root', 'Main skills tree', '0'),
(2, 'zSandbox', 'Place to play around with creation and editing of skills', '0'),
(3, 'Automotive', 'Automotive', '0'),
(4, 'Branches & Professional Skills', 'Branches & Professional Skills', '0'),
(5, 'Certifications', 'Certifications', '0'),
(6, 'Competencies', 'Competencies', '0'),
(7, 'Computer Science', 'Computer Science', '0'),
(8, 'Electrical Engineering', 'Electrical Engineering', '0'),
(9, 'Engineering', 'Engineering', '0'),
(10, 'Industrial Automation', 'Industrial Automation', '0'),
(11, 'IT', 'IT', '0'),
(12, 'Languages', 'Languages', '0'),
(13, 'Math', 'Math', '0'),
(14, 'Mechanical Engineering', 'Mechanical Engineering', '0'),
(15, 'Project Management', 'Project Management', '0'),
(16, 'Software Engineering', 'Software Engineering', '0'),
(17, 'SW Applications', 'SW Applications', '0'),
(18, 'absolute origin', 'root', '0'),
(872, 'absolute origin', 'root', '0'),
(1001, 'Aerospace Engineering', 'Aerospace Engineering', '0'),
(1002, 'Articifical Intelligence', 'Articifical Intelligence', '0'),
(1003, 'Auto Parts', 'Auto Parts', '0'),
(1004, 'Automation Hardware', 'Automation Hardware', '0'),
(1005, 'Biological Engineering', 'Biological Engineering', '0'),
(1006, 'Bus-Systems & Protocols', 'Bus-Systems & Protocols', '0'),
(1007, 'Chinese', 'Chinese', '0'),
(1008, 'Computation Model', 'Computation Model', '0'),
(1009, 'Computer Aided Engineering (CAE)', 'Computer Aided Engineering (CAE)', '0'),
(1010, 'Computer Vision / Image Processing', 'Computer Vision / Image Processing', '0'),
(1011, 'Control engineering', 'Control engineering', '0'),
(1012, 'Czech', 'Czech', '0'),
(1013, 'Data Analysis & Modelling', 'Data Analysis & Modelling', '0'),
(1014, 'EE Basics', 'EE Basics', '0'),
(1015, 'EE Systems Development Life Cycle', 'EE Systems Development Life Cycle', '0'),
(1016, 'Electric Motors', 'Electric Motors', '0'),
(1017, 'Electromagnetism', 'Electromagnetism', '0'),
(1018, 'Electronics', 'Electronics', '0'),
(1019, 'Embedded System Software Components', 'Embedded System Software Components', '0'),
(1020, 'English', 'English', '0'),
(1021, 'Enterprise Resource Planning', 'Enterprise Resource Planning', '0'),
(1022, 'French', 'French', '0'),
(1023, 'Game theory, economics, social and behavioral', 'Game theory, economics, social and behavioral science', '0'),
(1024, 'German', 'German', '0'),
(1025, 'Graphics, Design, Modelling', 'Graphics, Design, Modelling', '0'),
(1026, 'IT Certification', 'IT Certification', '0'),
(1027, 'IT Hardware', 'IT Hardware', '0'),
(1028, 'IT Management & Administration', 'IT Management & Administration', '0'),
(1029, 'IT Strategy / Consulting', 'IT Strategy / Consulting', '0'),
(1030, 'Italian', 'Italian', '0'),
(1031, 'Japanese', 'Japanese', '0'),
(1032, 'Korean', 'Korean', '0'),
(1033, 'Machine Tools', 'Machine Tools', '0'),
(1034, 'Maintainance', 'Maintainance', '0'),
(1035, 'Manufacturers', 'Manufacturers', '0'),
(1036, 'Manufacturing & Logistics', 'Manufacturing & Logistics', '0'),
(1037, 'Materials', 'Materials', '0'),
(1038, 'Math Apps', 'Math Apps', '0'),
(1039, 'Mechanics', 'Mechanics', '0'),
(1040, 'Messaging - Application Communication & Data ', 'Messaging - Application Communication & Data Transfer', '0'),
(1041, 'Microsoft', 'Microsoft', '0'),
(1042, 'Modeling (and abstract mathematics)', 'Modeling (and abstract mathematics)', '0'),
(1043, 'Nanotechnology', 'Nanotechnology', '0'),
(1044, 'Network-attached storage (NAS)', 'Network-attached storage (NAS)', '0'),
(1045, 'Networks', 'Networks', '0'),
(1046, 'Numerics', 'Numerics', '0'),
(1047, 'Operating Systems', 'Operating Systems', '0'),
(1048, 'Optoelectronics', 'Optoelectronics', '0'),
(1049, 'Polish', 'Polish', '0'),
(1050, 'Power Engineering', 'Power Engineering', '0'),
(1051, 'Probability Theory and Stochastic Processes', 'Probability Theory and Stochastic Processes', '0'),
(1052, 'Production', 'Production', '0'),
(1053, 'Professional Skills', 'Professional Skills', '0'),
(1054, 'Project Management Certification', 'Project Management Certification', '0'),
(1055, 'Project Management SW', 'Project Management SW', '0'),
(1056, 'Russian', 'Russian', '0'),
(1057, 'SAP', 'SAP', '0'),
(1058, 'Security', 'Security', '0'),
(1059, 'Server Applications & Hosting', 'Server Applications & Hosting', '0'),
(1060, 'Signal Processing', 'Signal Processing', '0'),
(1061, 'Social Skill', 'Social Skill', '0'),
(1062, 'Software Development', 'Software Development', '0'),
(1063, 'Spanish', 'Spanish', '0'),
(1064, 'Statistics', 'Statistics', '0'),
(1065, 'Support', 'Support', '0'),
(1066, 'SW Standards', 'SW Standards', '0'),
(1067, 'Systems / Software Development Life Cycle', 'Systems / Software Development Life Cycle', '0'),
(1068, 'Systems Development Life Cycle', 'Systems Development Life Cycle', '0'),
(1069, 'Systems Engineering', 'Systems Engineering', '0'),
(1070, 'Telecommunication', 'Telecommunication', '0'),
(1071, 'Thermal Engineering', 'Thermal Engineering', '0'),
(2001, 'AC Motor', 'AC Motor', '0'),
(2002, 'Ansys', 'Ansys', '0'),
(2003, 'Application Protocol', 'Application Protocol', '0'),
(2004, 'Autodesk Moldflow', 'Autodesk Moldflow', '0'),
(2005, 'AutoSAR', 'AutoSAR', '0'),
(2006, 'AutoSAR CESSAR', 'AutoSAR CESSAR', '0'),
(2007, 'Biology', 'Biology', '0'),
(2008, 'BMW', 'BMW', '0'),
(2009, 'Business Intelligence & Reporting', 'Business Intelligence & Reporting', '0'),
(2010, 'Bus-Systems', 'Bus-Systems', '0'),
(2011, 'Capability Maturity Model Integration (CMMI)', 'Capability Maturity Model Integration (CMMI)', '0'),
(2012, 'Circuits', 'Circuits', '0'),
(2013, 'CISCO', 'CISCO', '0'),
(2014, 'CNC Machining', 'CNC Machining', '0'),
(2015, 'Communication & Collaboration', 'Communication & Collaboration', '0'),
(2016, 'Telecomunication Components', 'Telecomunication Components', '0'),
(2017, 'Computer', 'Computer', '0'),
(2018, 'Computer Aided Design (CAD)', 'Computer Aided Design (CAD)', '0'),
(2019, 'Computer Aided Manufacturing (CAM)', 'Computer Aided Manufacturing (CAM)', '0'),
(2020, 'Computer Algebra System (CAS)', 'Computer Algebra System (CAS)', '0'),
(2021, 'Computer Animation', 'Computer Animation', '0'),
(2022, 'Computer Fluid Dynamics (CFD)', 'Computer Fluid Dynamics (CFD)', '0'),
(2023, 'Computing Input /Output Devices', 'Computing Input /Output Devices', '0'),
(2024, 'Configuration Management', 'Configuration Management', '0'),
(2025, 'Conflict Management', 'Conflict Management', '0'),
(2026, 'Consulting skills', 'Consulting skills', '0'),
(2027, 'Control Applications', 'Control Applications', '0'),
(2028, 'Control Theory', 'Control Theory', '0'),
(2029, 'Controllers', 'Controllers', '0'),
(2030, 'Data', 'Data', '0'),
(2031, 'Data Mining', 'Data Mining', '0'),
(2032, 'Data Storage, Backup & Recovery', 'Data Storage, Backup & Recovery', '0'),
(2033, 'Data Transfer', 'Data Transfer', '0'),
(2034, 'Database', 'Database', '0'),
(2035, 'DC Motor', 'DC Motor', '0'),
(2036, 'Defect Prevention', 'Defect Prevention', '0'),
(2037, 'Design', 'Design', '0'),
(2038, 'Design of experiments', 'Design of experiments', '0'),
(2039, 'Desktop', 'Desktop', '0'),
(2040, 'Development Process (ASPICE)', 'Development Process (ASPICE)', '0'),
(2041, 'Diagnostics', 'Diagnostics', '0'),
(2042, 'Digital signal processing', 'Digital signal processing', '0'),
(2043, 'Electrical circuits', 'Electrical circuits', '0'),
(2044, 'Electrical element/Semiconductors', 'Electrical element/Semiconductors', '0'),
(2045, 'Electromagnetic spectrum', 'Electromagnetic spectrum', '0'),
(2046, 'Electronic Computer-Aided Design (ECAD)', 'Electronic Computer-Aided Design (ECAD)', '0'),
(2047, 'Electronic Parts', 'Electronic Parts', '0'),
(2048, 'Electrostatics', 'Electrostatics', '0'),
(2049, 'Embedded', 'Embedded', '0'),
(2050, 'Embedded Systems', 'Embedded Systems', '0'),
(2051, 'Encryption', 'Encryption', '0'),
(2052, 'Engineering Modelling', 'Engineering Modelling', '0'),
(2053, 'Enterprise Resource Planning (ERP)', 'Enterprise Resource Planning (ERP)', '0'),
(2054, 'Feature Detection', 'Feature Detection', '0'),
(2055, 'Fiat Chrysler', 'Fiat Chrysler', '0'),
(2056, 'Filtering', 'Filtering', '0'),
(2057, 'Finite-State Machine', 'Finite-State Machine', '0'),
(2058, 'Firewall', 'Firewall', '0'),
(2059, 'Fixed Networks', 'Fixed Networks', '0'),
(2060, 'Fluid Mechanics', 'Fluid Mechanics', '0'),
(2061, 'Ford', 'Ford', '0'),
(2062, 'General Motors (GM)', 'General Motors (GM)', '0'),
(2063, 'Raster Graphics', 'Rasters are dot-matrix data structures', '0'),
(2064, 'Hardware Components', 'Hardware Components', '0'),
(2065, 'Heating, Ventilation and Air Conditioning', 'Heating, Ventilation and Air Conditioning', '0'),
(2066, 'Human-Machine Interface (HMI)', 'Human-Machine Interface (HMI)', '0'),
(2067, 'Industrial Automation Applications', 'Industrial Automation Applications', '0'),
(2068, 'Inference from stochastic processes', 'Inference from stochastic processes', '0'),
(2069, 'Information Management System', 'Information Management System', '0'),
(2070, 'Installation', 'Installation', '0'),
(2071, 'Interior', 'Interior', '0'),
(2072, 'Internet of Things (IoT)', 'Internet of Things (IoT)', '0'),
(2073, 'Interviewing Skills', 'Interviewing Skills', '0'),
(2074, 'IT Support', 'IT Support', '0'),
(2075, 'Jira', 'Jira', '0'),
(2076, 'Kinematics', 'Kinematics', '0'),
(2077, 'Leadership', 'Leadership', '0'),
(2078, 'Machine Learning', 'Machine Learning', '0'),
(2079, 'Machine Vision', 'Machine Vision', '0'),
(2080, 'Machines', 'Machines', '0'),
(2081, 'Manufacturing Execution Systems (MES)', 'Manufacturing Execution Systems (MES)', '0'),
(2082, 'Mathematical finance', 'Mathematical finance', '0'),
(2083, 'Mathematical Modelling', 'Mathematical Modelling', '0'),
(2084, 'Microcontroller SW', 'Microcontroller SW', '0'),
(2085, 'Microsoft Certification', 'Microsoft Certification', '0'),
(2086, 'Microsoft Office Applications', 'Microsoft Office Applications', '0'),
(2087, 'MISRA', 'MISRA', '0'),
(2088, 'Mobile', 'Mobile', '0'),
(2089, 'Mobile Networks', 'Mobile Networks', '0'),
(2090, 'Model-Based Systems Engineering (MBSE)', 'Model-Based Systems Engineering (MBSE)', '0'),
(2091, 'Motor Controller', 'Motor Controller', '0'),
(2092, 'MS Project', 'MS Project', '0'),
(2093, 'Multibody system (MBD)', 'Multibody system (MBD)', '0'),
(2094, 'Multimeter', 'Multimeter', '0'),
(2095, 'Network Components', 'Network Components', '0'),
(2096, 'Nissan', 'Nissan', '0'),
(2097, 'Numerical linear algebra', 'Numerical linear algebra', '0'),
(2098, 'Operations', 'Operations', '0'),
(2099, 'Oscilloscope', 'Oscilloscope', '0'),
(2100, 'Out-of-band management', 'Out-of-band management', '0'),
(2101, 'Partial differential equations', 'Partial differential equations', '0'),
(2102, 'Physics', 'Physics', '0'),
(2103, 'Plastic', 'Plastic', '0'),
(2104, 'Platforms', 'Platforms', '0'),
(2105, 'PMI', 'PMI', '0'),
(2106, 'PMI Certified Associate in Project Management', 'PMI Certified Associate in Project Management (CAPM)', '0'),
(2107, 'PMI Project Management Professional (PMP)', 'PMI Project Management Professional (PMP)', '0'),
(2108, 'Power Generation', 'Power Generation', '0'),
(2109, 'Powertrain and Chassis', 'Powertrain and Chassis', '0'),
(2110, 'Processes', 'Processes', '0'),
(2111, 'Production & Quality Management', 'Production & Quality Management', '0'),
(2112, 'Production Process', 'Production Process', '0'),
(2113, 'Production Standards', 'Production Standards', '0'),
(2114, 'Production Technology', 'Production Technology', '0'),
(2115, 'Programming Languages & Frameworks', 'Programming Languages & Frameworks', '0'),
(2116, 'Project Risk Management', 'Project Risk Management', '0'),
(2117, 'Protocols', 'Protocols', '0'),
(2118, 'Quality Control', 'Quality Control', '0'),
(2119, 'Renault', 'Renault', '0'),
(2120, 'Robotics', 'Robotics', '0'),
(2121, 'SAP BASIS', 'SAP BASIS', '0'),
(2122, 'SAP Certification', 'SAP Certification', '0'),
(2123, 'SAP-Modules', 'SAP-Modules', '0'),
(2124, 'Satellite Communication / Positioning', 'Satellite Communication / Positioning', '0'),
(2125, 'Server', 'Server', '0'),
(2126, 'Server OS', 'Server OS', '0'),
(2127, 'Server Support', 'Server Support', '0'),
(2128, 'Simulation & Optimisation', 'Simulation & Optimisation', '0'),
(2129, 'Simulation & Testing', 'Simulation & Testing', '0'),
(2130, 'Six Sigma', 'Six Sigma', '0'),
(2131, 'SMK (Software Development Process)', 'SMK (Software Development Process)', '0'),
(2132, 'Softw.Integr.,Developm.& Interfaces', 'Softw.Integr.,Developm.& Interfaces', '0'),
(2133, 'Software Design Pattern', 'Software Design Pattern', '0'),
(2134, 'Soldering', 'Soldering', '0'),
(2135, 'Statistical Software', 'Statistical Software', '0'),
(2136, 'Strategy / Consulting', 'Strategy / Consulting', '0'),
(2137, 'Structural analysis', 'Structural analysis', '0'),
(2138, 'Structural Analysis SW', 'Structural Analysis SW', '0'),
(2139, 'Styles of Computing', 'Styles of Computing', '0'),
(2140, 'SW Testing', 'SW Testing', '0'),
(2141, 'System Properties', 'System Properties', '0'),
(2142, 'Tata', 'Tata', '0'),
(2143, 'Thermodynamics', 'Thermodynamics', '0'),
(2144, 'Tools (embedded software)', 'Tools (embedded software)', '0'),
(2145, 'Tools (software)', 'Tools (software)', '0'),
(2146, 'Tools and Programming', 'Tools and Programming', '0'),
(2147, 'Toyota', 'Toyota', '0'),
(2148, 'Transmission', 'Transmission', '0'),
(2149, 'Virtualisation', 'Virtualisation', '0'),
(2150, 'Volkswagen (VW)', 'Volkswagen (VW)', '0'),
(2151, 'Volvo', 'Volvo', '0'),
(2152, 'Webhosting - Operation & Systemprogr', 'Webhosting - Operation & Systemprogr', '0'),
(2153, 'Wireless Networks', 'Wireless Networks', '0'),
(2154, 'Work Management', 'Work Management', '0'),
(3001, '2D Modeling', '2D Modeling', '0'),
(3002, '3D Modeling', '3D Modeling', '0'),
(3003, 'Adobe Illustrator', 'Adobe Illustrator', '0'),
(3004, 'Adobe Lightroom', 'Adobe Lightroom', '0'),
(3005, 'Adobe Photoshop', 'Adobe Photoshop', '0'),
(3006, 'Agile Development', 'Agile Development', '0'),
(3007, 'Algorithms', 'Algorithms', '0'),
(3008, 'Altium Designer', 'Altium Designer', '0'),
(3009, 'Analog filter', 'Analog filter', '0'),
(3010, 'Android', 'Android', '0'),
(3011, 'ANSYS Fluent', 'ANSYS Fluent', '0'),
(3012, 'ANSYS Mechanical', 'ANSYS Mechanical', '0'),
(3013, 'Ansys Workbench', 'Ansys Workbench', '0'),
(3014, 'Antennas', 'Antennas', '0'),
(3015, 'Apache', 'Apache', '0'),
(3016, 'Application Lifecycle Management', 'Application Lifecycle Management', '0'),
(3017, 'Applications & Operating Systems', 'Applications & Operating Systems', '0'),
(3018, 'Assistance System', 'Assistance System', '0'),
(3019, 'AutoCAD', 'AutoCAD', '0'),
(3020, 'Autodesk Inventor', 'Autodesk Inventor', '0'),
(3021, 'Autodesk Maya', 'Autodesk Maya', '0'),
(3022, 'Automotive Buses', 'Automotive Buses', '0'),
(3023, 'Automotive Systems', 'Automotive Systems', '0'),
(3024, 'Backup/Restore/Archive Management', 'Backup/Restore/Archive Management', '0'),
(3025, 'Big Data', 'Big Data', '0'),
(3026, 'Blender', 'Blender', '0'),
(3027, 'Braking System', 'Braking System', '0'),
(3028, 'Cadence Allegro', 'Cadence Allegro', '0'),
(3029, 'Cadence Orcad', 'Cadence Orcad', '0'),
(3030, 'Calibration & Configuration', 'Calibration & Configuration', '0'),
(3031, 'CAMWorks', 'CAMWorks', '0'),
(3032, 'Car Seat', 'Car Seat', '0'),
(3033, 'Casting', 'Casting', '0'),
(3034, 'Certified Network Associate (CCNA)', 'Certified Network Associate (CCNA)', '0'),
(3035, 'Chrysler', 'Chrysler', '0'),
(3036, 'Circuit', 'Circuit', '0'),
(3037, 'Circuit Boards', 'Circuit Boards', '0'),
(3038, 'Cloud Computing', 'Cloud Computing', '0'),
(3039, 'Cockpit', 'Cockpit', '0'),
(3040, 'Cognex InSight', 'Cognex InSight', '0'),
(3041, 'Common-Languages', 'Common-Languages', '0'),
(3042, 'Continental Leadership Entry Program (LEP)', 'Continental Leadership Entry Program (LEP)', '0'),
(3043, 'Continuous Integration', 'Continuous Integration', '0'),
(3044, 'Cooling', 'Cooling', '0'),
(3045, 'CorelDRAW', 'CorelDRAW', '0'),
(3046, 'Corporate finance', 'Corporate finance', '0'),
(3047, 'Creo', 'Creo', '0'),
(3048, 'Dassault CATIA', 'Dassault CATIA', '0'),
(3049, 'Data Analytics', 'Data Analytics', '0'),
(3050, 'Data compression', 'Data compression', '0'),
(3051, 'Data Storage', 'Data Storage', '0'),
(3052, 'Design Data Management', 'Design Data Management', '0'),
(3053, 'Design for Production', 'Design for Production', '0'),
(3054, 'Digital image', 'Digital image', '0'),
(3055, 'Direct Memory Access||DMA||', 'Direct Memory Access||DMA||', '0'),
(3056, 'Displays', 'Displays', '0'),
(3057, 'Documentation', 'Documentation', '0'),
(3058, 'DTC', 'DTC', '0'),
(3059, 'EAGLE', 'EAGLE', '0'),
(3060, 'Electric charge', 'Electric charge', '0'),
(3061, 'Electrical Supply System', 'Electrical Supply System', '0'),
(3062, 'Electrical Testing', 'Electrical Testing', '0'),
(3063, 'Electronics Buses', 'Electronics Buses', '0'),
(3064, 'Embedded Linux', 'Embedded Linux', '0'),
(3065, 'Embedded Programming', 'Embedded Programming', '0'),
(3066, 'Emulators', 'Emulators', '0'),
(3067, 'Engine', 'Engine', '0'),
(3068, 'Engine Components and Parts', 'Engine Components and Parts', '0'),
(3069, 'Failure Analysis', 'Failure Analysis', '0'),
(3070, 'Fiat', 'Fiat', '0'),
(3071, 'Finite Element Method (FEA)', 'Finite Element Method (FEA)', '0'),
(3072, 'Flash (FLS)', 'Flash (FLS)', '0'),
(3073, 'Flexsim', 'Flexsim', '0'),
(3074, 'Forming', 'Forming', '0'),
(3075, 'FreeRTOS', 'FreeRTOS', '0'),
(3076, 'FTP Server', 'FTP Server', '0'),
(3077, 'Fuel Supply System', 'Fuel Supply System', '0'),
(3078, 'Game Engines', 'Game Engines', '0'),
(3079, 'Generic Programming', 'Generic Programming', '0'),
(3080, 'Geometric Dimensioning and Tolerancing (GD&T)', 'Geometric Dimensioning and Tolerancing (GD&T)', '0'),
(3081, 'GIMP (Gnu Image Manipulation Program)', 'GIMP (Gnu Image Manipulation Program)', '0'),
(3082, 'Gluing', 'Gluing', '0'),
(3083, 'Graphical User Interface (GUI)', 'Graphical User Interface (GUI)', '0'),
(3084, 'Graphics', 'Graphics', '0'),
(3085, 'Graphics Display Controller (GDC)', 'Graphics Display Controller (GDC)', '0'),
(3086, 'Graphics Virtualization', 'Graphics Virtualization', '0'),
(3087, 'Green Hills Multi IDE', 'Green Hills Multi IDE', '0'),
(3088, 'Heating', 'Heating', '0'),
(3089, 'Heating, Ventilation and Air Conditioning (HV', 'Heating, Ventilation and Air Conditioning (HVAC)', '0'),
(3090, 'HMI', 'HMI', '0'),
(3091, 'Hydraulics', 'Hydraulics', '0'),
(3092, 'IBM General Parallel File System (GPFS)', 'IBM General Parallel File System (GPFS)', '0'),
(3093, 'IBM AIX', 'IBM Operating System', '0'),
(3094, 'IBM z/OS', 'IBM z/OS', '0'),
(3095, 'Image Sensors', 'Image Sensors', '0'),
(3096, 'Impedance', 'Impedance', '0'),
(3097, 'Incident Management', 'Incident Management', '0'),
(3098, 'Industrial Automation Languages', 'Industrial Automation Languages', '0'),
(3099, 'Industry', 'Industry', '0'),
(3100, 'Integrated Circuits', 'Integrated Circuits', '0'),
(3101, 'Integrated Development Environment', 'Integrated Development Environment', '0'),
(3102, 'Integrated Development Environment (embedded)', 'Integrated Development Environment (embedded)', '0'),
(3103, 'Intel AMT', 'Intel AMT', '0'),
(3104, 'Inverter', 'Inverter', '0'),
(3105, 'iOS', 'iOS', '0'),
(3106, 'IT Service Management (ITSM)', 'IT Service Management (ITSM)', '0'),
(3107, 'Kalman Filter', 'Kalman Filter', '0'),
(3108, 'Laser', 'Laser', '0'),
(3109, 'Laser Marking', 'Laser Marking', '0'),
(3110, 'Law', 'Law', '0'),
(3111, 'Lean Manufacturing', 'Lean Manufacturing', '0'),
(3112, 'Light', 'Light', '0'),
(3113, 'Light-Emitting Diode (LED)', 'Light-Emitting Diode (LED)', '0'),
(3114, 'Lighting and Signaling System', 'Lighting and Signaling System', '0'),
(3115, 'Linux', 'Linux', '0'),
(3116, 'Linux - RedHat', 'Linux - RedHat', '0'),
(3117, 'Linux - Ubuntu', 'Linux - Ubuntu', '0'),
(3118, 'Local Interconnect Network (LIN)', 'Local Interconnect Network (LIN)', '0'),
(3119, 'logi.CAD', 'logi.CAD', '0'),
(3120, 'Lotus Notes', 'Lotus Notes', '0'),
(3121, 'Markov processes', 'Markov processes', '0'),
(3122, 'Master Data', 'Master Data', '0'),
(3123, 'MasterCAM', 'MasterCAM', '0'),
(3124, 'MathCAD', 'MathCAD', '0'),
(3125, 'Matlab', 'Matlab', '0'),
(3126, 'Memory / Storage', 'Memory / Storage', '0'),
(3127, 'Mentor Graphics Design Architect IC', 'Mentor Graphics Design Architect IC', '0'),
(3128, 'Mentor Graphics Xpedition', 'Mentor Graphics Xpedition', '0'),
(3129, 'Microcontroller', 'Microcontroller', '0'),
(3130, 'Microcontroller Abstraction Layer (MCAL)', 'Microcontroller Abstraction Layer (MCAL)', '0'),
(3131, 'Microprocessor', 'Microprocessor', '0'),
(3132, 'Microsoft Certified Professional', 'Microsoft Certified Professional', '0'),
(3133, 'Microsoft Certified Professional Developer (M', 'Microsoft Certified Professional Developer (MCPD)', '0'),
(3134, 'Mills', 'Mills', '0'),
(3135, 'Minitab', 'Minitab', '0'),
(3136, 'Mobile Apps', 'Mobile Apps', '0'),
(3137, 'Mobile Devices', 'Mobile Devices', '0'),
(3138, 'Model Based Development ', 'Model Based Development ', '0'),
(3139, 'Modulation', 'Modulation', '0'),
(3140, 'Molding', 'Molding', '0'),
(3141, 'Motion Sensing', 'Motion Sensing', '0'),
(3142, 'MS Excel', 'MS Excel', '0'),
(3143, 'MS Outlook', 'MS Outlook', '0'),
(3144, 'MS PowerPoint', 'MS PowerPoint', '0'),
(3145, 'MS Sharepoint', 'MS Sharepoint', '0'),
(3146, 'MS Visio', 'MS Visio', '0'),
(3147, 'MS Windows Server', 'MS Windows Server', '0'),
(3148, 'MS Windows Server 2008', 'MS Windows Server 2008', '0'),
(3149, 'MS Word', 'MS Word', '0'),
(3150, 'Multithreading', 'Multithreading', '0'),
(3151, 'National Instruments PXI', 'National Instruments PXI', '0'),
(3152, 'Navigation', 'Navigation', '0'),
(3153, 'Network Administration', 'Network Administration', '0'),
(3154, 'Neural Networks', 'Neural Networks', '0'),
(3155, 'No-SQL', 'No-SQL', '0'),
(3156, 'Numerical methods', 'Numerical methods', '0'),
(3157, 'Object Oriented Analysis and Design (OOPS)', 'Object Oriented Analysis and Design (OOPS)', '0'),
(3158, 'Object-oriented programming', 'Object-oriented programming', '0'),
(3159, 'Opel', 'Opel', '0'),
(3160, 'Optical fiber', 'Optical fiber', '0'),
(3161, 'Optical Simulation', 'Optical Simulation', '0'),
(3162, 'OrCAD EE Pspice', 'OrCAD EE Pspice', '0'),
(3163, 'OS X', 'OS X', '0'),
(3164, 'OSEK-OS', 'OSEK-OS', '0'),
(3165, 'Other Programming Languages', 'Other Programming Languages', '0'),
(3166, 'Parallel Programming', 'Parallel Programming', '0'),
(3167, 'Pattern Recognition', 'Pattern Recognition', '0'),
(3168, 'Peripherals', 'Peripherals', '0'),
(3169, 'Pneumatics', 'Pneumatics', '0'),
(3170, 'Positive feedback', 'Positive feedback', '0'),
(3171, 'Printing', 'Printing', '0'),
(3172, 'Production Part Approval Process (PPAP)', 'Production Part Approval Process (PPAP)', '0'),
(3173, 'Programmable Logic Device (PLD)', 'Programmable Logic Device (PLD)', '0'),
(3174, 'QNX', 'QNX', '0'),
(3175, 'Quality Management', 'Quality Management', '0'),
(3176, 'R', 'R', '0'),
(3177, 'Radio Frequency', 'Radio Frequency', '0'),
(3178, 'Raspberry Pi', 'Raspberry Pi', '0'),
(3179, 'Realtime Embedded Systems', 'Realtime Embedded Systems', '0'),
(3180, 'Realtime Operating System (RTOS)', 'Realtime Operating System (RTOS)', '0'),
(3181, 'Remote Desktop Protocol (RDP)', 'Remote Desktop Protocol (RDP)', '0'),
(3182, 'Rockwell RSLogix ', 'Rockwell RSLogix ', '0'),
(3183, 'Sampling', 'Sampling', '0'),
(3184, 'SAP NPP', 'SAP NPP', '0'),
(3185, 'SAP PDM (Product Data Managment)', 'SAP PDM (Product Data Managment)', '0'),
(3186, 'SAS', 'SAS', '0'),
(3187, 'Scanner', 'Scanner', '0'),
(3188, 'Scilab', 'Scilab', '0'),
(3189, 'Scripting', 'Scripting', '0'),
(3190, 'Sensor', 'Sensor', '0'),
(3191, 'Sensors', 'Sensors', '0'),
(3192, 'Siemens NX', 'Siemens NX', '0'),
(3193, 'Siemens Step 7 ', 'Siemens Step 7 ', '0'),
(3194, 'Simulation', 'Simulation', '0'),
(3195, 'Simulink', 'Simulink', '0'),
(3196, 'Software', 'Software', '0'),
(3197, 'Software Development Life Cycle', 'Software Development Life Cycle', '0'),
(3198, 'Solar Energy', 'Solar Energy', '0'),
(3199, 'SolidWorks', 'SolidWorks', '0'),
(3200, 'SQL', 'SQL', '0'),
(3201, 'SQLite', 'SQLite', '0'),
(3202, 'SSH (Secure Shell)', 'SSH (Secure Shell)', '0'),
(3203, 'Standards', 'Standards', '0'),
(3204, 'Statistical methods', 'Statistical methods', '0'),
(3205, 'Stepper Motor', 'Stepper Motor', '0'),
(3206, 'Storage Management', 'Storage Management', '0'),
(3207, 'Supply Chain', 'Supply Chain', '0'),
(3208, 'SW Requirements Engineering & Gathering', 'SW Requirements Engineering & Gathering', '0'),
(3209, 'System Design & Development', 'System Design & Development', '0'),
(3210, 'System on a Chip (SOC)', 'System on a Chip (SOC)', '0'),
(3211, 'Systems', 'Systems', '0'),
(3212, 'Test Management', 'Test Management', '0'),
(3213, 'Testing', 'Testing', '0'),
(3214, 'Testing & Verification, Debugging', 'Testing & Verification, Debugging', '0'),
(3215, 'Testing Methods', 'Testing Methods', '0'),
(3216, 'Thermal management', 'Thermal management', '0'),
(3217, 'Thermodynamics Basics', 'Thermodynamics Basics', '0'),
(3218, 'Tomcat', 'Tomcat', '0'),
(3219, 'Tools (SW testing)', 'Tools (SW testing)', '0'),
(3220, 'Tools and Development', 'Tools and Development', '0'),
(3221, 'Transceiver', 'Transceiver', '0'),
(3222, 'Transmission line', 'Transmission line', '0'),
(3223, 'Transport Layer', 'Transport Layer', '0'),
(3224, 'UML', 'UML', '0'),
(3225, 'Unigraphics', 'Unigraphics', '0'),
(3226, 'UNIX', 'UNIX', '0'),
(3227, 'UNIX / Linux', 'UNIX / Linux', '0'),
(3228, 'Utilities', 'Utilities', '0'),
(3229, 'Version Control & Configuration Management', 'Version Control & Configuration Management', '0'),
(3230, 'Video / Audio / Analog', 'Video / Audio / Analog', '0'),
(3231, 'VMWare', 'VMWare', '0'),
(3232, 'VMWare vSphere', 'VMWare vSphere', '0'),
(3233, 'VW', 'VW', '0'),
(3234, 'Watchdog (WDG)', 'Watchdog (WDG)', '0'),
(3235, 'Waveguide', 'Waveguide', '0'),
(3236, 'Web & Display', 'Web & Display', '0'),
(3237, 'Welding', 'Welding', '0'),
(3238, 'Wide Area Network (WAN)', 'Wide Area Network (WAN)', '0'),
(3239, 'Windows 2000', 'Windows 2000', '0'),
(3240, 'Windows 7', 'Windows 7', '0'),
(3241, 'Windows 8', 'Windows 8', '0'),
(3242, 'Windows Mobile', 'Windows Mobile', '0'),
(3243, 'Windows Vista', 'Windows Vista', '0'),
(3244, 'Windows XP', 'Windows XP', '0'),
(3245, 'X-RAY', 'X-RAY', '0'),
(3246, 'Zuken Visula', 'Zuken Visula', '0'),
(4001, '.NET', '.NET', '0'),
(4002, '3D Camera', '3D Camera', '0'),
(4003, '3D Printing', '3D Printing', '0'),
(4004, '3D Scanner', '3D Scanner', '0'),
(4005, 'ActionScript', 'ActionScript', '0'),
(4006, 'Actuator', 'Actuator', '0'),
(4007, 'Adobe Dreamweaver', 'Adobe Dreamweaver', '0'),
(4008, 'Adobe Flash', 'Adobe Flash', '0'),
(4009, 'Advanced Driver Assistance Systems (ADAS)', 'Advanced Driver Assistance Systems (ADAS)', '0'),
(4010, 'Advanced Encryption Standard (AES)', 'Advanced Encryption Standard (AES)', '0'),
(4011, 'Advanced Product Quality Planning (APQP)', 'Advanced Product Quality Planning (APQP)', '0'),
(4012, 'Agile Project and Portfolio Management', 'Agile Project and Portfolio Management', '0'),
(4013, 'Air Conditioning', 'Air Conditioning', '0'),
(4014, 'Airbag', 'Airbag', '0'),
(4015, 'AJAX', 'AJAX', '0'),
(4016, 'Analog-to-Digital Converter (AD Converter)', 'Analog-to-Digital Converter (AD Converter)', '0'),
(4017, 'Apache Hadoop', 'Apache Hadoop', '0'),
(4018, 'APIS IQ-RM', 'APIS IQ-RM', '0'),
(4019, 'App Programming', 'App Programming', '0'),
(4020, 'ARM 32-bit (Cortex M)', 'ARM 32-bit (Cortex M)', '0'),
(4021, 'ARM Architecture', 'ARM Architecture', '0'),
(4022, 'ARTEMMIS Framework', 'ARTEMMIS Framework', '0'),
(4023, 'ASP.NET', 'ASP.NET', '0'),
(4024, 'Assembler', 'Assembler', '0'),
(4025, 'ATM', 'ATM', '0'),
(4026, 'Atmel 8-bit', 'Atmel 8-bit', '0'),
(4027, 'Automated optical inspection (AOI)', 'Automated optical inspection (AOI)', '0'),
(4028, 'Backlight', 'Backlight', '0'),
(4029, 'Bash Script (Unix)', 'Bash Script (Unix)', '0'),
(4030, 'BIOS', 'BIOS', '0'),
(4031, 'Bluetooth', 'Bluetooth', '0'),
(4032, 'Body Control Module (BCM)', 'Body Control Module (BCM)', '0'),
(4033, 'Bootloader', 'Bootloader', '0'),
(4034, 'Brake Control System', 'Brake Control System', '0'),
(4035, 'C', 'C', '0'),
(4036, 'C#', 'C#', '0'),
(4037, 'C++', 'C++', '0'),
(4038, 'Camera', 'Camera', '0'),
(4039, 'CAN', 'CAN', '0'),
(4040, 'CAN Access Programming Language (CANCapl)', 'CAN Access Programming Language (CANCapl)', '0'),
(4041, 'Can calibration protocol (CCP)', 'Can calibration protocol (CCP)', '0'),
(4042, 'CANalyzer', 'CANalyzer', '0'),
(4043, 'CANdela Studio', 'CANdela Studio', '0'),
(4044, 'CANoe', 'CANoe', '0'),
(4045, 'Circuit Diagram', 'Circuit Diagram', '0'),
(4046, 'Circuit Simulation', 'Circuit Simulation', '0'),
(4047, 'Circuit Test', 'Circuit Test', '0'),
(4048, 'CNC Programming', 'CNC Programming', '0'),
(4049, 'Cobol', 'Cobol', '0'),
(4050, 'Code Composer Studio', 'Code Composer Studio', '0'),
(4051, 'CodeWarrior', 'CodeWarrior', '0'),
(4052, 'COM', 'COM', '0'),
(4053, 'Computer vision', 'Computer vision', '0'),
(4054, 'Configuration Management Tool', 'Configuration Management Tool', '0'),
(4055, 'Continental Industrial Sensors -SRR 20X Short', 'Continental Industrial Sensors -SRR 20X Short Range Radar Sensor', '0'),
(4056, 'Cryptography', 'Cryptography', '0'),
(4057, 'CSS', 'CSS', '0'),
(4058, 'Debugging', 'Debugging', '0'),
(4059, 'Defect Management', 'Defect Management', '0'),
(4060, 'Delphi', 'Delphi', '0'),
(4061, 'Design for Manufacturability (DFM)', 'Design for Manufacturability (DFM)', '0'),
(4062, 'Design-to-Cost (DTC)', 'Design-to-Cost (DTC)', '0'),
(4063, 'Die Casting', 'Die Casting', '0'),
(4064, 'Digital Image Processing', 'Digital Image Processing', '0'),
(4065, 'Digital signal processor (DSP)', 'Digital signal processor (DSP)', '0'),
(4066, 'Digital TV Compression', 'Digital TV Compression', '0'),
(4067, 'Doxygen', 'Doxygen', '0'),
(4068, 'DRAM', 'DRAM', '0'),
(4069, 'Drupal', 'Drupal', '0'),
(4070, 'Eclipse', 'Eclipse', '0'),
(4071, 'Electromagnetic Compatibility (EMC)', 'Electromagnetic Compatibility (EMC)', '0'),
(4072, 'Electromagnetic Interference (EMI)', 'Electromagnetic Interference (EMI)', '0'),
(4073, 'Electromagnetic Simulation', 'Electromagnetic Simulation', '0'),
(4074, 'Electronic Braking System (EBS)', 'Electronic Braking System (EBS)', '0'),
(4075, 'Electronic Stability Control (ESC)', 'Electronic Stability Control (ESC)', '0'),
(4076, 'Electrostatic Discharge (ESD)', 'Electrostatic Discharge (ESD)', '0'),
(4077, 'Embedded C', 'Embedded C', '0'),
(4078, 'EMBEDDED C++', 'EMBEDDED C++', '0'),
(4079, 'Embedded Programming Languages', 'Embedded Programming Languages', '0'),
(4080, 'Engine Control Unit (ECU)', 'Engine Control Unit (ECU)', '0'),
(4081, 'Engine System', 'Engine System', '0'),
(4082, 'EPSON Programming', 'EPSON Programming', '0'),
(4083, 'ETAS MDA (Measure Data Analyzer)', 'ETAS MDA (Measure Data Analyzer)', '0'),
(4084, 'Extract-Transform-Load (ETL) Technique', 'Extract-Transform-Load (ETL) Technique', '0'),
(4085, 'Failure Mode and Effect Analysis (FMEA)', 'Failure Mode and Effect Analysis (FMEA)', '0'),
(4086, 'Fiber Optic Communication', 'Fiber Optic Communication', '0'),
(4087, 'Freescale 16-bit (68HC12)', 'Freescale 16-bit (68HC12)', '0'),
(4088, 'Freescale 32-bit (i.MX)', 'Freescale 32-bit (i.MX)', '0'),
(4089, 'Freescale 32-bit (MPC55xx)', 'Freescale 32-bit (MPC55xx)', '0'),
(4090, 'Freescale 32-bit (MPC56xx)', 'Freescale 32-bit (MPC56xx)', '0'),
(4091, 'Freescale 8-bit (68HC08)', 'Freescale 8-bit (68HC08)', '0'),
(4092, 'Freescale MCU', 'Freescale MCU', '0'),
(4093, 'Fuel Pump', 'Fuel Pump', '0'),
(4094, 'Fujitsu 32bit (MB91F46x)', 'Fujitsu 32bit (MB91F46x)', '0'),
(4095, 'Fujitsu MB86R01', 'Fujitsu MB86R01', '0'),
(4096, 'Fujitsu MB88F332 (Indigo)', 'Fujitsu MB88F332 (Indigo)', '0'),
(4097, 'Fuzzy control', 'Fuzzy control', '0'),
(4099, 'Gauges', 'Gauges', '0'),
(4100, 'General Packet Radio Service (GPRS)', 'General Packet Radio Service (GPRS)', '0'),
(4101, 'General Purpose Interface Bus (GPIB)', 'General Purpose Interface Bus (GPIB)', '0'),
(4102, 'Geometric Tolerance Analysis', 'Geometric Tolerance Analysis', '0'),
(4103, 'git', 'git', '0'),
(4104, 'Global Positioning System (GPS)', 'Global Positioning System (GPS)', '0'),
(4105, 'Global System for Mobile Communications (GSM)', 'Global System for Mobile Communications (GSM)', '0'),
(4106, 'Gluing Technology', 'Gluing Technology', '0'),
(4107, 'Graphic Subsystem', 'Graphic Subsystem', '0'),
(4108, 'Green Hills Probe', 'Green Hills Probe', '0'),
(4109, 'Hardware Abstraction Layer (HAL)', 'Hardware Abstraction Layer (HAL)', '0'),
(4110, 'Hardware Testing', 'Hardware Testing', '0'),
(4111, 'Heat exchanger / Radiator', 'Heat exchanger / Radiator', '0'),
(4112, 'Heat Seat Control', 'Heat Seat Control', '0'),
(4113, 'Heat Staking', 'Heat Staking', '0'),
(4114, 'Heat Transfer', 'Heat Transfer', '0'),
(4115, 'Heating Control System', 'Heating Control System', '0'),
(4116, 'Hot Stamp', 'Hot Stamp', '0'),
(4117, 'HTML', 'HTML', '0'),
(4118, 'IAR Embedded Workbench', 'IAR Embedded Workbench', '0'),
(4119, 'IBM DB2', 'IBM DB2', '0'),
(4120, 'IBM Job Control Language (JCL)', 'IBM Job Control Language (JCL)', '0'),
(4121, 'IBM Mainframe', 'IBM Mainframe', '0'),
(4122, 'IBM Portable Application Solutions Environmen', 'IBM Portable Application Solutions Environment (PASE)', '0'),
(4123, 'IBM Rational ClearQuest', 'IBM Rational ClearQuest', '0'),
(4124, 'IBM Rational DOORS', 'IBM Rational DOORS', '0'),
(4125, 'IBM Rational Synergy', 'IBM Rational Synergy', '0'),
(4126, 'IBM Rational Team Concert', 'IBM Rational Team Concert', '0'),
(4127, 'IBM Rexx', 'IBM Rexx', '0'),
(4128, 'IBM Rhapsody', 'IBM Rhapsody', '0'),
(4129, 'IBM System x', 'IBM System x', '0'),
(4130, 'IBM System z', 'IBM System z', '0'),
(4131, 'Illumination', 'Illumination', '0'),
(4132, 'In-Circuit Test (ICT)', 'In-Circuit Test (ICT)', '0'),
(4133, 'Infrared', 'Infrared', '0'),
(4134, 'Injection Moulding', 'Injection Moulding', '0'),
(4135, 'Integrated Circuit Design (IC Design)', 'Integrated Circuit Design (IC Design)', '0'),
(4136, 'Integration Testing (I&T)', 'Integration Testing (I&T)', '0'),
(4137, 'Intel 8-bit (MCS-51)', 'Intel 8-bit (MCS-51)', '0'),
(4138, 'Intellectual Property (IP)', 'Intellectual Property (IP)', '0'),
(4139, 'Interactive System Productivity Facility (ISP', 'Interactive System Productivity Facility (ISPF)', '0'),
(4140, 'Inter-Integrated Circuit (I2C)', 'Inter-Integrated Circuit (I2C)', '0'),
(4141, 'International Software Testing Qualifications', 'International Software Testing Qualifications Board (ISTQB)', '0'),
(4142, 'IP / Ethernet', 'IP / Ethernet', '0'),
(4143, 'IPC7711 (Rework)', 'IPC7711 (Rework)', '0'),
(4144, 'IPC-A-610 (Acceptability of Electronic Assemb', 'IPC-A-610 (Acceptability of Electronic Assemblies)', '0'),
(4145, 'iPhone', 'iPhone', '0'),
(4146, 'ISO / IEC 17025', 'ISO / IEC 17025', '0'),
(4147, 'ISO / TS 16949', 'ISO / TS 16949', '0'),
(4148, 'ISO 14229 (UDS)', 'ISO 14229 (UDS)', '0'),
(4149, 'ISO 9001', 'ISO 9001', '0'),
(4150, 'IT Infrastructure Library (ITIL)', 'IT Infrastructure Library (ITIL)', '0'),
(4151, 'Java', 'Java', '0'),
(4152, 'Java - EE', 'Java - EE', '0'),
(4153, 'Java - JSP', 'Java - JSP', '0'),
(4154, 'Java - SE', 'Java - SE', '0'),
(4155, 'Java - Web Application', 'Java - Web Application', '0'),
(4156, 'Javascript', 'Javascript', '0'),
(4157, 'Jenkins', 'Jenkins', '0'),
(4158, 'JSON', 'JSON', '0'),
(4159, 'Kaizen', 'Kaizen', '0'),
(4160, 'Kanban', 'Kanban', '0'),
(4161, 'Keil uVision', 'Keil uVision', '0'),
(4162, 'Key-Word-Protokoll 2000 (KWP)', 'Key-Word-Protokoll 2000 (KWP)', '0'),
(4163, 'Kinect', 'Kinect', '0'),
(4164, 'LaTeX', 'LaTeX', '0'),
(4165, 'Lathe', 'Lathe', '0'),
(4166, 'Lean Management', 'Lean Management', '0'),
(4167, 'LIN-Bus', 'LIN-Bus', '0'),
(4168, 'Linux Kernel', 'Linux Kernel', '0'),
(4169, 'Linux Shell Scripting', 'Linux Shell Scripting', '0'),
(4170, 'Liquid-Crystal Display (LCD)', 'Liquid-Crystal Display (LCD)', '0'),
(4171, 'Low Voltage Differential Signaling (LVDS)', 'Low Voltage Differential Signaling (LVDS)', '0'),
(4172, 'Manufacturing Process', 'Manufacturing Process', '0'),
(4173, 'Material Life Cycle (MLC)', 'Material Life Cycle (MLC)', '0'),
(4174, 'Measurement system analysis (MSA)', 'Measurement system analysis (MSA)', '0'),
(4175, 'Mentor Graphics ModelSim', 'Mentor Graphics ModelSim', '0'),
(4176, 'Microchip Technology - PIC', 'Microchip Technology - PIC', '0'),
(4177, 'Microsoft SQL Server', 'Microsoft SQL Server', '0'),
(4178, 'Microsoft VC++', 'Microsoft VC++', '0'),
(4179, 'Microsoft Visual FoxPro', 'Microsoft Visual FoxPro', '0'),
(4180, 'Mobile DDR', 'Mobile DDR', '0'),
(4181, 'MODBUS', 'MODBUS', '0'),
(4182, 'Mold Design & Process', 'Mold Design & Process', '0'),
(4183, 'Molding Machine', 'Molding Machine', '0'),
(4184, 'MOST', 'MOST', '0'),
(4185, 'MPLAB', 'MPLAB', '0'),
(4186, 'MS Access', 'MS Access', '0'),
(4187, 'Multi2Sim', 'Multi2Sim', '0'),
(4188, 'MYSQL', 'MYSQL', '0'),
(4189, 'NAND', 'NAND', '0'),
(4190, 'NetBeans', 'NetBeans', '0'),
(4191, 'Network Protocol', 'Network Protocol', '0'),
(4192, 'NI LabVIEW', 'NI LabVIEW', '0'),
(4193, 'Non-volatile memory (NVM)', 'Non-volatile memory (NVM)', '0'),
(4194, 'Objective-C', 'Objective-C', '0'),
(4195, 'Object-Oriented Design', 'Object-Oriented Design', '0'),
(4196, 'Open Source Computer Vision (OpenCV)', 'Open Source Computer Vision (OpenCV)', '0'),
(4197, 'OpenGL', 'OpenGL', '0'),
(4198, 'Operational amplifier', 'Operational amplifier', '0'),
(4199, 'Optical Bonding', 'Optical Bonding', '0'),
(4200, 'ORACLE DB', 'ORACLE DB', '0'),
(4201, 'ORACLE PL/SQL', 'ORACLE PL/SQL', '0'),
(4202, 'Parking Break', 'Parking Break', '0'),
(4203, 'PCI Express', 'PCI Express', '0'),
(4204, 'Perl', 'Perl', '0'),
(4205, 'PHP', 'PHP', '0'),
(4206, 'Polyspace Static Analysis', 'Polyspace Static Analysis', '0'),
(4207, 'PostgreSQL', 'PostgreSQL', '0'),
(4208, 'Power Integrity', 'Power Integrity', '0'),
(4209, 'Power Management', 'Power Management', '0'),
(4210, 'Power Supply', 'Power Supply', '0'),
(4211, 'PPP - Link Control Protocol (LCP)', 'PPP - Link Control Protocol (LCP)', '0'),
(4212, 'Printed Circuit Boards (PCB)', 'Printed Circuit Boards (PCB)', '0'),
(4213, 'Product Data Management (PDM)', 'Product Data Management (PDM)', '0'),
(4214, 'Production Planning', 'Production Planning', '0'),
(4215, 'Programmable Logic Controller (PLC)', 'Programmable Logic Controller (PLC)', '0'),
(4216, 'Prototyping', 'Prototyping', '0'),
(4217, 'PTC Integrity', 'PTC Integrity', '0'),
(4218, 'Pulse Width Modulation (PWM)', 'Pulse Width Modulation (PWM)', '0'),
(4219, 'PVCS Version Manager', 'PVCS Version Manager', '0'),
(4220, 'Python', 'Python', '0'),
(4221, 'QT', 'QT', '0'),
(4222, 'Random-Access Memory (RAM)', 'Random-Access Memory (RAM)', '0'),
(4223, 'Realtime Field-Programmable Gate Arrays (FPGA', 'Realtime Field-Programmable Gate Arrays (FPGA)', '0'),
(4224, 'Relational Databases', 'Relational Databases', '0'),
(4225, 'Renesas 16-bit (V850)', 'Renesas 16-bit (V850)', '0'),
(4226, 'Renesas 32-bit (R32C)', 'Renesas 32-bit (R32C)', '0'),
(4227, 'Router', 'Router', '0'),
(4228, 'RS-232', 'RS-232', '0'),
(4229, 'Ruby ', 'Ruby ', '0'),
(4230, 'SAE J1939', 'SAE J1939', '0'),
(4231, 'SAP ABAP', 'SAP ABAP', '0'),
(4232, 'Scala', 'Scala', '0'),
(4233, 'SCONS', 'SCONS', '0'),
(4234, 'Scrum', 'Scrum', '0'),
(4235, 'Seat Control', 'Seat Control', '0'),
(4236, 'Sensor Fusion', 'Sensor Fusion', '0'),
(4237, 'Serial ATA (SATA)', 'Serial ATA (SATA)', '0'),
(4238, 'Signal Integrity', 'Signal Integrity', '0'),
(4239, 'Simulation Program with Integrated Circuit Em', 'Simulation Program with Integrated Circuit Emphasis (SPICE)', '0'),
(4240, 'Softune', 'Softune', '0'),
(4241, 'Software Architecture', 'Software Architecture', '0'),
(4242, 'Software Integration', 'Software Integration', '0'),
(4243, 'Software Testing', 'Software Testing', '0'),
(4244, 'Solidworks MBD', 'Solidworks MBD', '0'),
(4245, 'SPI', 'SPI', '0'),
(4246, 'SQL Server', 'SQL Server', '0'),
(4247, 'Standard Template Library (STL)', 'Standard Template Library (STL)', '0'),
(4248, 'Static Analysis', 'Static Analysis', '0'),
(4249, 'Statistical Process Control (SPC)', 'Statistical Process Control (SPC)', '0'),
(4250, 'STMicroelectronics 32-bit (STM32)', 'STMicroelectronics 32-bit (STM32)', '0'),
(4251, 'Structural Simulation Toolkit (SST)', 'Structural Simulation Toolkit (SST)', '0'),
(4252, 'Supervisory control (SCADA)', 'Supervisory control (SCADA)', '0'),
(4253, 'Surface Mount Technology (SMT)', 'Surface Mount Technology (SMT)', '0'),
(4254, 'svn', 'svn', '0'),
(4255, 'Systems Development Life-Cycle (SDLC)', 'Systems Development Life-Cycle (SDLC)', '0'),
(4256, 'TCP/IP', 'TCP/IP', '0'),
(4257, 'Technical Explanation', 'Technical Explanation', '0'),
(4258, 'Test Automation', 'Test Automation', '0'),
(4259, 'Test Design', 'Test Design', '0'),
(4260, 'Test-Driven Development (TDD)', 'Test-Driven Development (TDD)', '0'),
(4261, 'TestExec SL', 'TestExec SL', '0'),
(4262, 'Texas Instruments 16-bit (MSP430)', 'Texas Instruments 16-bit (MSP430)', '0'),
(4263, 'Texas Instruments 32-bit (C2000)', 'Texas Instruments 32-bit (C2000)', '0'),
(4264, 'The Eight Disciplines of Problem Solving (8D)', 'The Eight Disciplines of Problem Solving (8D)', '0'),
(4265, 'Thermal Analysis', 'Thermal Analysis', '0'),
(4266, 'Thermal Simulation', 'Thermal Simulation', '0'),
(4267, 'Tolerance Analysis', 'Tolerance Analysis', '0'),
(4268, 'Total Productive Maintenance (TPM)', 'Total Productive Maintenance (TPM)', '0'),
(4269, 'Touchscreen', 'Touchscreen', '0'),
(4270, 'UART', 'UART', '0'),
(4271, 'UDP (User Datagram Protocol)', 'UDP (User Datagram Protocol)', '0'),
(4272, 'Unity', 'Unity uses C# for development', '0'),
(4273, 'USB', 'USB', '0'),
(4274, 'VB.NET', 'VB.NET', '0'),
(4275, 'VBA', 'VBA', '0'),
(4276, 'Vector Tools', 'Vector Tools', '0'),
(4277, 'Verilog', 'Verilog', '0'),
(4278, 'VHDL', 'VHDL', '0'),
(4279, 'Video Codec H.264', 'Video Codec H.264', '0'),
(4280, 'Video Processing', 'Video Processing', '0'),
(4281, 'Virtual Memory', 'Virtual Memory', '0'),
(4282, 'Visual Basic', 'Visual Basic', '0'),
(4283, 'Visual Studio', 'Visual Studio', '0'),
(4284, 'VW Modularer Querbaukasten (MQB)', 'VW Modularer Querbaukasten (MQB)', '0'),
(4285, 'Water Heating', 'Water Heating', '0'),
(4286, 'Windows Presentation Foundation (WPF)', 'Windows Presentation Foundation (WPF)', '0'),
(4287, 'Wireless Sensor Network (WSN)', 'Wireless Sensor Network (WSN)', '0'),
(4288, 'WISE PDM', 'WISE PDM', '0'),
(4289, 'XHTML', 'XHTML', '0'),
(4290, 'Xilinx Hardware', 'Xilinx Hardware', '0'),
(4291, 'XML', 'XML', '0'),
(4292, 'XML - SOAP', 'XML - SOAP', '0'),
(4293, 'XML - XSL', 'XML - XSL', '0'),
(4294, 'ZigBee', 'ZigBee', '0'),
(4295, 'Zuken', 'Zuken', '0'),
(4296, 'test_skill', 'asdfasdfasdf', '0'),
(4297, 'Time Management', 'Time Management', '0'),
(4298, 'Work Management', 'Work Management', '0'),
(4299, 'FNOS', 'To be filled out by Miguel Aguayo', '0'),
(4300, 'Thinking Skill', 'Thinking Skill', '0'),
(4301, 'Work Management', 'Work Management', '0'),
(4302, 'Time Management', 'Time Management', '0'),
(4303, 'Emulators', 'Emulators', '0'),
(4304, 'prueba training 2', '0 asdfasdfasdfas', '0'),
(4305, 'Scrum Master', '', '0'),
(4306, 'Millenials Management', 'New generation management', '0'),
(4307, 'Scum Master', 'Scrum Master', '0'),
(4308, 'Scrum Product Owner', 'Product Owner', '0'),
(4309, 'test_skill', '', '0'),
(4310, 'hijo', '', '0'),
(4311, 'web technologies', '', '0'),
(4312, 'Ethernet', '', '0'),
(4313, 'Integrity', '', '0'),
(4314, 'AROS', '', '0'),
(4315, 'System Design', '', '0'),
(4316, 'Structured Programming', '', '0'),
(4317, 'PTC Integrity (IMS/MKS)', 'PTC Integrity Lifecycle Manager (former MKS Integrity)', '0'),
(4318, 'Risk Based Testing (RBT)', 'Risk Based Testing (RBT)', '0'),
(4320, 'Product Architecture', 'The Product Architect is responsible for the technical concept of the product. In cooperation with the subproject managers for electrical engineering, software and mechanics, the product architect creates the product architecture, assigning the product fu', '0'),
(4321, 'Product Integration', 'The Product Integrator is responsible for the technical coordination of the product integration. He ensures that the correct dataset versions from the individual disciplines are integrated and he is responsible for transferring this data to the production', '0'),
(4322, 'Requirements Engineering', 'The scope of the Requirements Engineer is to ensure that all requirements relevant for the product are collected, clarified and documented in the project.\r\nTypically he manages a team of analysts coming from the individual disciplines.', '0'),
(4323, 'Electromagnetic Compatibility', 'Expert in Electromagnetic compatibility for ID', '0'),
(4325, 'prueba 3', 'edicionasdñlkfjasñldfjasñldkf', '0'),
(4326, 'prueba de sub nodo', 'sin descripcion', '0'),
(4327, 'prueba3', '1 no sabe\r\n2 medio sabe\r\n3 cree que sabe\r\n4 mas o menos', '0'),
(4328, 'Vector Graphics', 'Vector graphics are images described by polygons instead of pixels', '0'),
(4329, 'Lua', 'Lua is designed primarily for embedded systems and clients. It is used by at least one HMI modelling tool.', '0'),
(4330, 'Unreal', 'Supports SW Development in C++ and MDD via \"Blueprints\"', '0'),
(4331, 'HMI Modelling', 'Tools for Model-based HMI development', '0'),
(4332, 'AMP3', 'ARTEMMIS Modelling Platform, version 3', '0'),
(4333, 'AMP4', 'ARTEMMIS Modelling Platform, version 4', '0'),
(4334, 'EB GUIDE', 'by Elektrobit', '0'),
(4335, 'Kanzi', 'by Rightware, used in Hyundai M3', '0'),
(4336, 'Altia', 'by Altia', '0'),
(4337, 'Memory Profiling', 'Find memory leaks and optimize memory usage', '0'),
(4338, 'Language Design', 'Design, implementation, analysis, characterization, and classification of programming languages. It is a core discipline of computer science, which depends on and affects math, software engineering and linguistics.', '0'),
(4339, 'Stack up tolerance analysis', '', '0'),
(4340, 'Mechanical Product Architecture', '', '0'),
(4341, 'CREO PTC', '', '0'),
(4342, 'CATIA', '', '0'),
(4343, 'Experience as mechanical engineer', '', '0'),
(4344, 'Finite Element Analysis (FEA)', '', '0'),
(4345, 'Material mechanical behavior', '', '0'),
(4346, 'Design Failure Mode and Effect Analysis (DFME', '', '0'),
(4347, 'Mechanical Design Guidelines', '', '0'),
(4348, 'Change Management', '', '0'),
(4349, 'Functional Tests', '', '0'),
(4350, 'Test Sequencer', 'Test Sequencer', '0'),
(4351, 'Requirements Management', '', '0'),
(4352, 'Innovation methods', '', '0'),
(4353, 'Education level', '', '0'),
(4354, 'DMAIC', '', '0'),
(4355, 'DFSS', '', '0'),
(4356, 'Estes es un subnodo', '', '0'),
(4358, 'Phyton', '', '0'),
(4359, 'uTAS 3', 'uTAS 3', '0'),
(4360, 'uTAS 5', '', '0'),
(4361, 'vTESTstudio', 'vTESTstudio', '0'),
(4362, 'MRDB (Modification Request Database)', '', '0'),
(4363, 'CANstress', '', '0'),
(4364, 'Framegrabber', 'Also know as Frame grabber', '0'),
(4365, '4PeP (For Product Engineering Process)', 'For Product Engineering Process', '0'),
(4366, 'PDMK (Product Development Method Kit)', '', '0'),
(4367, 'Other Testing Skills', '', '0'),
(4368, 'Continuous Testing', '', '0'),
(4369, 'In Vehicle Testing', '', '0'),
(4370, 'Model Based Testing', '', '0'),
(4371, 'RS-485', 'RS-485', '0'),
(4372, 'ISTQB (International Software Testing Qualifi', 'ISTQB (International Software Testing Qualifications Board)', '0'),
(4373, 'ISTQB Test Manager', '', '0'),
(4374, 'ISTQB Foundation Level', '', '0'),
(4375, 'ISTQB Technical Test Analyst', '', '0'),
(4376, 'ISTQB Test Analyst', '', '0'),
(4377, 'Product Test', '', '0'),
(4378, 'Test Execution', '', '0'),
(4379, 'Scrum Team', '', '0'),
(4381, 'JCP2016', '', '0'),
(4382, 'Pokemon Go', '', '0'),
(4383, 'PoGo', '', '0'),
(4385, 'CMVC', 'Configuration Management Version Control (CMVC) is a software package that serves as an object repository, and performs software version control, configuration management, and change management functions.', '0'),
(4386, 'Continental ID Platforms', 'HW/SW Developement platforms used in Contienental: JCP2005, JCP2011, JCP2016, etc', '0'),
(4387, 'LCP', 'Low Cost Platform', '0'),
(4388, 'Assembler', 'Assembler language', '0'),
(4389, 'absolute origin', 'root', '0'),
(4390, 'absolute origin', 'root', '0');

-- --------------------------------------------------------

--
-- Estructura de tabla para la tabla `skill_has_skill`
--

CREATE TABLE `skill_has_skill` (
  `idSkill_has_Skill` int(11) NOT NULL,
  `idSkill_parent` int(11) NOT NULL,
  `idSkill_child` int(11) NOT NULL
) ENGINE=InnoDB DEFAULT CHARSET=latin1;

--
-- Volcado de datos para la tabla `skill_has_skill`
--

INSERT INTO `skill_has_skill` (`idSkill_has_Skill`, `idSkill_parent`, `idSkill_child`) VALUES
(1, 18, 1),
(2, 18, 2),
(3, 1, 3),
(4, 1, 4),
(5, 1, 5),
(6, 1, 6),
(7, 1, 7),
(8, 1, 8),
(9, 1, 9),
(10, 1, 10),
(11, 1, 11),
(12, 1, 12),
(13, 1, 13),
(14, 1, 14),
(15, 1, 15),
(16, 1, 16),
(17, 1, 17),
(18, 3, 1003),
(19, 3, 1034),
(20, 3, 1035),
(21, 3, 1066),
(22, 4, 1053),
(23, 5, 1026),
(24, 5, 1054),
(25, 6, 1061),
(27, 7, 1002),
(28, 7, 1008),
(29, 7, 1010),
(30, 8, 1006),
(31, 8, 1011),
(32, 8, 1014),
(33, 8, 1015),
(34, 8, 1016),
(35, 8, 1017),
(36, 8, 1018),
(37, 8, 1050),
(38, 8, 1060),
(39, 8, 1070),
(40, 9, 1005),
(41, 9, 1037),
(42, 9, 1043),
(43, 9, 1048),
(44, 9, 1052),
(45, 9, 1068),
(46, 9, 1069),
(47, 10, 1004),
(48, 10, 1033),
(49, 11, 1027),
(50, 11, 1029),
(51, 11, 1045),
(52, 11, 1047),
(53, 11, 1058),
(54, 11, 1062),
(55, 11, 1065),
(56, 12, 1007),
(57, 12, 1012),
(58, 12, 1020),
(59, 12, 1022),
(60, 12, 1024),
(61, 12, 1030),
(62, 12, 1031),
(63, 12, 1032),
(64, 12, 1049),
(65, 12, 1056),
(66, 12, 1063),
(67, 13, 1023),
(68, 13, 1042),
(69, 13, 1046),
(70, 13, 1051),
(71, 13, 1064),
(72, 14, 1001),
(73, 14, 1039),
(74, 14, 1071),
(75, 15, 2036),
(76, 15, 2116),
(77, 15, 2118),
(78, 16, 1019),
(79, 16, 1067),
(80, 17, 1009),
(81, 17, 1013),
(82, 17, 1021),
(83, 17, 1025),
(84, 17, 1028),
(85, 17, 1036),
(86, 17, 1038),
(87, 17, 1040),
(88, 17, 1041),
(89, 17, 1044),
(90, 17, 1055),
(91, 17, 1057),
(92, 17, 1059),
(93, 1002, 2031),
(94, 1002, 2078),
(95, 1003, 2047),
(96, 1003, 2071),
(97, 1003, 2104),
(98, 1003, 2109),
(99, 1006, 2010),
(100, 1008, 2057),
(101, 1009, 2002),
(102, 1009, 2004),
(103, 1009, 2019),
(104, 1009, 2022),
(105, 1009, 2046),
(106, 1009, 2079),
(107, 1009, 2093),
(108, 1009, 2138),
(109, 1010, 2054),
(110, 1011, 2027),
(111, 1011, 2028),
(112, 1011, 2029),
(113, 1011, 2141),
(114, 1013, 2052),
(115, 1013, 2083),
(116, 1014, 2094),
(117, 1014, 2099),
(118, 1014, 2113),
(119, 1014, 2134),
(120, 1016, 2001),
(121, 1016, 2035),
(122, 1016, 2091),
(123, 1017, 2043),
(124, 1017, 2048),
(125, 1018, 2012),
(126, 1018, 2044),
(127, 1019, 2050),
(128, 1019, 2084),
(129, 1021, 2053),
(130, 1023, 2082),
(131, 1025, 2018),
(132, 1025, 2021),
(133, 1025, 2063),
(134, 1025, 3001),
(135, 1025, 3002),
(136, 1026, 2013),
(137, 1026, 2085),
(138, 1026, 2122),
(139, 1027, 2017),
(140, 1027, 2023),
(141, 1027, 2125),
(142, 1028, 2100),
(143, 1029, 2136),
(144, 1033, 2014),
(145, 1034, 2041),
(146, 1035, 2008),
(147, 1035, 2055),
(148, 1035, 2061),
(149, 1035, 2062),
(150, 1035, 2096),
(151, 1035, 2119),
(152, 1035, 2142),
(153, 1035, 2147),
(154, 1035, 2150),
(155, 1035, 2151),
(156, 1036, 2067),
(157, 1036, 2081),
(158, 1036, 2128),
(159, 1037, 2103),
(160, 1038, 2020),
(161, 1038, 2135),
(162, 1038, 2146),
(163, 1039, 2060),
(164, 1039, 2076),
(165, 1039, 2120),
(166, 1039, 2137),
(167, 1039, 2143),
(168, 1040, 2015),
(169, 1040, 2033),
(170, 1040, 2069),
(171, 1041, 2086),
(172, 1042, 2007),
(173, 1042, 2102),
(174, 1045, 2003),
(175, 1045, 2070),
(176, 1045, 2098),
(177, 1046, 2097),
(178, 1046, 2101),
(179, 1047, 2039),
(180, 1047, 2049),
(181, 1047, 2088),
(182, 1047, 2126),
(183, 1048, 2045),
(184, 1048, 3095),
(185, 1048, 3108),
(186, 1048, 3113),
(187, 1048, 3161),
(188, 1050, 2064),
(189, 1050, 2108),
(190, 1050, 2148),
(191, 1052, 2080),
(192, 1052, 2112),
(193, 1052, 2114),
(194, 1053, 2009),
(195, 1053, 2030),
(196, 1053, 2110),
(197, 1053, 2111),
(198, 1054, 2105),
(199, 1054, 2106),
(200, 1054, 2107),
(201, 1054, 2130),
(202, 1055, 2075),
(203, 1055, 2092),
(204, 1057, 2121),
(205, 1057, 2123),
(206, 1058, 2051),
(207, 1058, 2058),
(208, 1059, 2032),
(209, 1059, 2072),
(210, 1059, 2149),
(211, 1059, 2152),
(212, 1060, 2042),
(213, 1060, 2056),
(214, 1061, 2025),
(215, 1061, 2026),
(216, 1061, 2073),
(217, 1061, 2077),
(218, 1062, 2034),
(219, 1062, 2066),
(220, 1062, 2115),
(221, 1062, 2132),
(222, 1062, 2139),
(223, 1062, 2140),
(224, 1062, 2144),
(225, 1062, 2145),
(226, 1064, 2038),
(227, 1064, 2068),
(228, 1065, 2074),
(229, 1065, 2127),
(230, 1066, 2005),
(231, 1066, 2006),
(232, 1066, 2087),
(233, 1067, 2011),
(234, 1067, 2040),
(235, 1067, 2131),
(236, 1067, 2133),
(237, 1067, 3208),
(238, 1068, 2024),
(239, 1068, 2037),
(240, 1068, 2129),
(241, 1069, 2090),
(242, 1070, 2016),
(243, 1070, 2059),
(244, 1070, 2089),
(245, 1070, 2095),
(246, 1070, 2117),
(247, 1070, 2124),
(248, 1070, 2153),
(249, 1071, 2065),
(251, 2003, 3202),
(252, 2009, 3025),
(253, 2009, 3049),
(254, 2009, 3207),
(255, 2010, 3022),
(256, 2010, 3063),
(257, 2010, 3168),
(258, 2012, 3037),
(259, 2012, 3100),
(260, 2012, 3210),
(261, 2013, 3034),
(262, 2015, 3120),
(263, 2015, 3181),
(264, 2017, 3178),
(265, 2018, 3019),
(266, 2018, 3020),
(267, 2018, 3080),
(268, 2018, 3192),
(269, 2018, 3199),
(270, 2018, 3225),
(271, 2019, 3031),
(272, 2019, 3047),
(273, 2019, 3048),
(274, 2019, 3123),
(275, 2020, 3124),
(276, 2020, 3188),
(277, 2022, 3011),
(278, 2023, 3056),
(279, 2023, 3187),
(280, 2027, 3018),
(281, 2027, 4252),
(282, 2028, 4097),
(283, 2029, 3173),
(284, 2029, 3196),
(285, 2030, 3122),
(286, 2032, 3051),
(287, 2032, 3092),
(288, 2033, 3076),
(289, 2034, 3155),
(290, 2034, 3200),
(291, 2034, 4084),
(292, 2035, 3205),
(293, 2037, 3036),
(294, 2037, 3052),
(295, 2037, 3053),
(296, 2039, 3163),
(297, 2039, 3240),
(298, 2039, 3241),
(299, 2039, 3243),
(300, 2039, 3244),
(301, 2041, 3058),
(302, 2042, 3050),
(303, 2042, 3054),
(304, 2042, 3139),
(305, 2042, 3183),
(306, 2042, 3230),
(307, 2042, 4065),
(308, 2042, 4236),
(309, 2043, 3096),
(310, 2043, 3235),
(311, 2044, 3085),
(312, 2044, 3126),
(313, 2044, 3129),
(314, 2044, 3131),
(315, 2044, 3190),
(316, 2044, 4198),
(317, 2045, 3112),
(318, 2045, 3245),
(319, 2046, 3008),
(320, 2046, 3013),
(321, 2046, 3028),
(322, 2046, 3029),
(323, 2046, 3059),
(324, 2046, 3127),
(325, 2046, 3128),
(326, 2046, 3151),
(327, 2046, 3162),
(328, 2046, 3246),
(329, 2047, 3023),
(330, 2047, 3061),
(331, 2047, 3114),
(332, 2047, 3191),
(333, 2048, 3060),
(334, 2049, 3064),
(335, 2049, 3075),
(336, 2049, 3087),
(337, 2049, 3164),
(338, 2049, 3174),
(339, 2049, 3180),
(340, 2049, 3201),
(341, 2050, 3179),
(342, 2051, 3007),
(343, 2052, 3195),
(344, 2055, 3035),
(345, 2055, 3070),
(346, 2056, 3009),
(347, 2056, 3107),
(348, 2059, 3160),
(349, 2060, 3091),
(350, 2060, 3169),
(351, 2062, 3159),
(353, 2063, 3004),
(354, 2063, 3005),
(358, 2063, 3081),
(359, 2064, 3104),
(360, 2065, 3044),
(361, 2065, 3088),
(362, 2065, 3089),
(363, 2066, 3083),
(364, 2066, 3141),
(365, 2067, 3182),
(366, 2067, 3193),
(367, 2068, 3121),
(368, 2069, 3145),
(369, 2070, 3118),
(370, 2071, 3032),
(371, 2071, 3039),
(372, 2071, 4014),
(373, 2074, 3097),
(374, 2077, 3042),
(375, 2078, 3079),
(376, 2078, 3154),
(377, 2078, 3167),
(378, 2079, 3040),
(379, 2080, 3134),
(380, 2080, 4183),
(381, 2081, 3119),
(382, 2082, 3046),
(383, 2082, 3156),
(384, 2082, 3204),
(385, 2083, 3125),
(386, 2084, 3055),
(387, 2084, 3072),
(388, 2084, 3130),
(389, 2084, 3234),
(390, 2085, 3132),
(391, 2085, 3133),
(392, 2086, 3142),
(393, 2086, 3143),
(394, 2086, 3144),
(395, 2086, 3146),
(396, 2086, 3149),
(397, 2088, 3010),
(398, 2088, 3105),
(399, 2088, 3242),
(400, 2089, 3014),
(401, 2089, 3177),
(402, 2089, 4100),
(403, 2089, 4105),
(404, 2095, 3137),
(405, 2098, 3153),
(406, 2100, 3103),
(407, 2101, 3071),
(408, 2104, 3233),
(409, 2108, 3198),
(410, 2109, 3027),
(411, 2109, 3067),
(412, 2109, 3068),
(413, 2109, 3077),
(414, 2109, 4148),
(415, 2110, 3110),
(416, 2110, 3157),
(417, 2110, 3172),
(418, 2110, 3175),
(419, 2110, 3203),
(420, 2111, 3111),
(421, 2111, 4011),
(422, 2111, 4062),
(423, 2111, 4214),
(424, 2111, 4249),
(425, 2112, 4253),
(426, 2113, 4143),
(427, 2113, 4144),
(428, 2114, 3033),
(429, 2114, 3074),
(430, 2114, 3082),
(431, 2114, 3109),
(432, 2114, 3140),
(433, 2114, 3171),
(434, 2114, 3237),
(435, 2114, 4113),
(436, 2114, 4116),
(437, 2115, 3017),
(438, 2115, 3041),
(439, 2115, 3065),
(440, 2115, 3078),
(441, 2115, 3084),
(442, 2115, 3090),
(443, 2115, 3098),
(444, 2115, 3136),
(445, 2115, 3165),
(446, 2115, 3189),
(447, 2115, 3227),
(448, 2115, 3236),
(450, 2117, 3223),
(451, 2117, 3238),
(452, 2120, 4082),
(453, 2122, 3185),
(454, 2123, 3184),
(455, 2124, 3152),
(456, 2125, 3093),
(457, 2125, 3094),
(458, 2125, 3115),
(459, 2125, 3116),
(460, 2125, 3117),
(461, 2125, 3147),
(462, 2125, 3148),
(463, 2125, 3211),
(464, 2125, 3226),
(465, 2125, 3228),
(466, 2125, 3239),
(467, 2127, 3024),
(468, 2127, 3206),
(469, 2128, 3073),
(470, 2129, 3062),
(471, 2129, 3194),
(472, 2129, 3213),
(473, 2132, 3006),
(474, 2132, 3197),
(475, 2132, 4233),
(476, 2135, 3135),
(477, 2136, 3106),
(478, 2137, 3012),
(479, 2137, 3069),
(480, 2139, 3038),
(481, 2139, 3138),
(482, 2139, 3150),
(483, 2139, 3158),
(484, 2139, 3166),
(485, 2139, 3224),
(486, 2140, 3212),
(487, 2140, 3215),
(488, 2140, 3219),
(489, 2141, 3170),
(490, 2143, 3216),
(491, 2143, 3217),
(492, 2144, 3030),
(493, 2144, 3102),
(494, 2144, 3209),
(495, 2144, 3214),
(496, 2144, 3220),
(497, 2145, 3016),
(498, 2145, 3043),
(499, 2145, 3057),
(500, 2145, 3066),
(501, 2145, 3101),
(502, 2145, 3229),
(503, 2145, 4007),
(504, 2146, 3176),
(505, 2146, 3186),
(506, 2148, 3222),
(507, 2149, 3086),
(508, 2149, 3231),
(509, 2149, 3232),
(510, 2152, 3015),
(511, 2152, 3218),
(512, 2153, 3099),
(513, 3006, 4012),
(514, 3006, 4234),
(515, 3007, 4010),
(516, 3007, 4056),
(517, 3016, 4054),
(518, 3016, 4123),
(519, 3016, 4124),
(520, 3016, 4126),
(521, 3016, 4217),
(522, 3016, 4288),
(523, 3017, 4001),
(524, 3017, 4120),
(525, 3017, 4122),
(526, 3017, 4152),
(527, 3017, 4154),
(528, 3017, 4221),
(529, 3017, 4231),
(530, 3017, 4274),
(531, 3018, 4009),
(532, 3022, 4039),
(533, 3022, 4041),
(534, 3022, 4140),
(535, 3022, 4162),
(536, 3022, 4167),
(537, 3022, 4184),
(538, 3022, 4230),
(539, 3022, 4245),
(540, 3023, 4032),
(541, 3027, 4034),
(542, 3027, 4074),
(543, 3027, 4075),
(544, 3027, 4202),
(545, 3030, 4083),
(546, 3032, 4112),
(547, 3032, 4235),
(548, 3033, 4063),
(549, 3036, 4045),
(550, 3037, 4212),
(551, 3039, 4099),
(552, 3041, 4035),
(553, 3041, 4036),
(554, 3041, 4037),
(555, 3041, 4049),
(556, 3041, 4127),
(557, 3041, 4151),
(558, 3041, 4153),
(559, 3041, 4155),
(560, 3041, 4158),
(561, 3041, 4178),
(562, 3041, 4194),
(563, 3041, 4232),
(564, 3041, 4247),
(565, 3041, 4282),
(566, 3041, 4291),
(567, 3041, 4292),
(568, 3041, 4293),
(569, 3043, 4157),
(570, 3044, 4013),
(571, 3050, 4066),
(572, 3053, 4061),
(573, 3053, 4172),
(574, 3053, 4182),
(575, 3054, 4053),
(576, 3054, 4064),
(577, 3056, 4170),
(578, 3056, 4199),
(579, 3056, 4269),
(580, 3057, 4067),
(581, 3057, 4213),
(582, 3060, 4076),
(583, 3061, 4209),
(584, 3061, 4210),
(585, 3062, 4027),
(586, 3062, 4047),
(587, 3062, 4071),
(588, 3062, 4072),
(589, 3062, 4108),
(590, 3062, 4132),
(591, 3062, 4174),
(592, 3062, 4208),
(593, 3062, 4238),
(594, 3062, 4261),
(595, 3063, 4101),
(596, 3063, 4171),
(597, 3063, 4181),
(598, 3065, 4040),
(599, 3065, 4077),
(600, 3065, 4078),
(601, 3065, 4079),
(602, 3065, 4277),
(603, 3065, 4278),
(604, 3067, 4006),
(605, 3067, 4081),
(606, 3068, 4080),
(607, 3077, 4093),
(609, 3078, 4272),
(610, 3082, 4106),
(611, 3084, 4196),
(612, 3084, 4197),
(613, 3084, 4286),
(614, 3085, 4095),
(615, 3085, 4096),
(616, 3085, 4107),
(617, 3088, 4111),
(618, 3088, 4115),
(619, 3088, 4285),
(620, 3090, 4022),
(621, 3095, 4038),
(622, 3098, 4048),
(623, 3099, 4287),
(624, 3100, 4135),
(625, 3101, 4050),
(626, 3101, 4051),
(627, 3101, 4070),
(628, 3101, 4161),
(629, 3101, 4185),
(630, 3101, 4190),
(631, 3101, 4240),
(632, 3101, 4283),
(633, 3106, 4150),
(634, 3110, 4138),
(635, 3112, 4131),
(636, 3112, 4133),
(637, 3114, 4028),
(638, 3122, 4173),
(639, 3126, 4068),
(640, 3126, 4180),
(641, 3126, 4189),
(642, 3126, 4193),
(643, 3126, 4222),
(644, 3126, 4281),
(645, 3129, 4026),
(646, 3129, 4087),
(647, 3129, 4088),
(648, 3129, 4089),
(649, 3129, 4090),
(650, 3129, 4091),
(651, 3129, 4092),
(652, 3129, 4094),
(653, 3129, 4137),
(654, 3129, 4176),
(655, 3129, 4215),
(656, 3129, 4225),
(657, 3129, 4226),
(658, 3129, 4250),
(659, 3129, 4262),
(660, 3129, 4263),
(661, 3131, 4020),
(662, 3131, 4021),
(663, 3131, 4290),
(664, 3134, 4165),
(665, 3136, 4019),
(666, 3137, 4145),
(667, 3139, 4218),
(668, 3140, 4134),
(669, 3141, 4163),
(670, 3152, 4104),
(671, 3155, 4017),
(672, 3160, 4086),
(673, 3165, 4024),
(674, 3165, 4052),
(675, 3168, 4031),
(676, 3168, 4203),
(677, 3168, 4228),
(678, 3168, 4237),
(679, 3168, 4270),
(680, 3168, 4273),
(681, 3168, 4294),
(682, 3171, 4003),
(683, 3173, 4223),
(684, 3175, 4159),
(685, 3175, 4160),
(686, 3175, 4166),
(687, 3175, 4264),
(688, 3175, 4268),
(689, 3183, 4016),
(690, 3187, 4004),
(691, 3189, 4005),
(692, 3189, 4029),
(693, 3189, 4060),
(694, 3189, 4156),
(695, 3189, 4169),
(696, 3189, 4204),
(697, 3189, 4220),
(698, 3189, 4229),
(699, 3189, 4275),
(700, 3190, 4002),
(701, 3191, 4055),
(702, 3194, 4046),
(703, 3194, 4073),
(704, 3194, 4175),
(705, 3194, 4187),
(706, 3194, 4239),
(707, 3194, 4251),
(708, 3196, 4030),
(709, 3196, 4033),
(710, 3197, 4195),
(711, 3197, 4216),
(712, 3197, 4241),
(713, 3197, 4242),
(714, 3197, 4255),
(715, 3197, 4257),
(716, 3199, 4244),
(717, 3200, 4119),
(718, 3200, 4177),
(719, 3200, 4186),
(720, 3200, 4188),
(721, 3200, 4200),
(722, 3200, 4201),
(723, 3200, 4207),
(724, 3200, 4224),
(725, 3200, 4246),
(726, 3203, 4146),
(727, 3203, 4147),
(728, 3203, 4149),
(729, 3209, 4043),
(730, 3209, 4128),
(731, 3209, 4192),
(732, 3211, 4121),
(733, 3211, 4129),
(734, 3211, 4130),
(735, 3212, 4059),
(736, 3212, 4243),
(737, 3212, 4258),
(738, 3212, 4259),
(739, 3213, 4085),
(740, 3213, 4102),
(741, 3213, 4110),
(742, 3213, 4267),
(743, 3214, 4042),
(744, 3214, 4044),
(745, 3214, 4058),
(746, 3214, 4118),
(747, 3215, 4136),
(748, 3215, 4141),
(749, 3215, 4248),
(750, 3215, 4260),
(751, 3216, 4265),
(752, 3216, 4266),
(753, 3217, 4114),
(754, 3219, 4018),
(755, 3219, 4206),
(756, 3220, 4276),
(757, 3220, 4295),
(758, 3223, 4191),
(759, 3223, 4256),
(760, 3223, 4271),
(761, 3227, 4109),
(762, 3227, 4168),
(763, 3228, 4139),
(764, 3229, 4103),
(765, 3229, 4125),
(766, 3229, 4219),
(767, 3229, 4254),
(768, 3230, 4279),
(769, 3230, 4280),
(770, 3233, 4284),
(771, 3236, 4008),
(772, 3236, 4015),
(773, 3236, 4023),
(774, 3236, 4057),
(775, 3236, 4069),
(776, 3236, 4117),
(777, 3236, 4164),
(778, 3236, 4205),
(779, 3236, 4289),
(780, 3238, 4025),
(781, 3238, 4142),
(782, 3238, 4211),
(783, 2, 4296),
(787, 3022, 4299),
(788, 6, 1061),
(789, 6, 4300),
(790, 4300, 4301),
(791, 4300, 4302),
(792, 3214, 4303),
(793, 2, 4304),
(794, 4234, 4305),
(795, 1061, 4306),
(797, 4234, 4308),
(798, 3022, 4312),
(799, 2049, 4313),
(800, 2049, 4314),
(801, 3197, 4315),
(802, 2139, 4316),
(803, 3229, 4317),
(804, 3212, 4318),
(806, 1069, 4320),
(807, 1069, 4321),
(808, 1069, 4322),
(809, 1017, 4323),
(811, 2, 4325),
(812, 4304, 4326),
(813, 2, 4327),
(814, 3002, 3021),
(815, 3002, 3026),
(816, 1025, 4328),
(817, 4328, 3003),
(818, 4328, 3045),
(819, 3189, 4329),
(820, 3078, 4330),
(821, 2145, 4331),
(822, 4331, 4332),
(823, 4331, 4333),
(824, 4331, 4334),
(825, 4331, 4335),
(826, 4331, 4336),
(827, 3214, 4337),
(828, 2115, 4338),
(829, 3165, 4179),
(830, 1039, 4339),
(831, 14, 4340),
(832, 2018, 4341),
(833, 2018, 4342),
(834, 14, 4343),
(835, 14, 4344),
(836, 14, 4345),
(837, 9, 4346),
(838, 14, 4347),
(839, 15, 4348),
(840, 1, 4349),
(841, 4349, 4350),
(843, 15, 4351),
(844, 4300, 4352),
(845, 1053, 4353),
(846, 3175, 4354),
(847, 3175, 4355),
(848, 4325, 4356),
(850, 3041, 4358),
(851, 4350, 4359),
(852, 4350, 4360),
(853, 4350, 4361),
(854, 1055, 4362),
(855, 3214, 4363),
(856, 3214, 4364),
(857, 1067, 4365),
(858, 1067, 4366),
(859, 4349, 4367),
(860, 4367, 4368),
(861, 4367, 4369),
(862, 4367, 4370),
(863, 3168, 4371),
(864, 1026, 4372),
(865, 4372, 4373),
(866, 4372, 4374),
(867, 4372, 4375),
(868, 4372, 4376),
(869, 4367, 4377),
(870, 4367, 4378),
(871, 4234, 4379),
(874, 4325, 4382),
(875, 4325, 4383),
(877, 4125, 4385),
(878, 3, 4386),
(879, 4386, 4381),
(880, 4386, 4387);

-- --------------------------------------------------------

--
-- Estructura de tabla para la tabla `skill_has_training`
--

CREATE TABLE `skill_has_training` (
  `idSkill` int(11) NOT NULL,
  `idTraining` int(11) NOT NULL
) ENGINE=InnoDB DEFAULT CHARSET=latin1;

-- --------------------------------------------------------

--
-- Estructura de tabla para la tabla `tbl_user`
--

CREATE TABLE `tbl_user` (
  `id` int(11) NOT NULL,
  `username` varchar(128) NOT NULL,
  `password` varchar(128) NOT NULL,
  `email` varchar(128) NOT NULL
) ENGINE=InnoDB DEFAULT CHARSET=latin1;

--
-- Volcado de datos para la tabla `tbl_user`
--

INSERT INTO `tbl_user` (`id`, `username`, `password`, `email`) VALUES
(1, 'codigo', 'pass1', 'test1@example.com'),
(2, 'test2', 'pass2', 'test2@example.com'),
(3, 'test3', 'pass3', 'test3@example.com'),
(4, 'test4', 'pass4', 'test4@example.com'),
(5, 'test5', 'pass5', 'test5@example.com'),
(6, 'test6', 'pass6', 'test6@example.com'),
(7, 'test7', 'pass7', 'test7@example.com'),
(8, 'test8', 'pass8', 'test8@example.com'),
(9, 'test9', 'pass9', 'test9@example.com'),
(11, 'test11', 'pass11', 'test11@example.com'),
(12, 'test12', 'pass12', 'test12@example.com'),
(13, 'test13', 'pass13', 'test13@example.com'),
(14, 'test14', 'pass14', 'test14@example.com'),
(15, 'test15', 'pass15', 'test15@example.com'),
(16, 'test16', 'pass16', 'test16@example.com'),
(17, 'test17', 'pass17', 'test17@example.com'),
(18, 'test18', 'pass18', 'test18@example.com'),
(19, 'test19', 'pass19', 'test19@example.com'),
(20, 'test20', 'pass20', 'test20@example.com'),
(21, 'test21', 'pass21', 'test21@example.com');

-- --------------------------------------------------------

--
-- Estructura de tabla para la tabla `team`
--

CREATE TABLE `team` (
  `idTeam` varchar(10) NOT NULL,
  `nameTeam` varchar(100) NOT NULL
) ENGINE=InnoDB DEFAULT CHARSET=latin1;

--
-- Volcado de datos para la tabla `team`
--

INSERT INTO `team` (`idTeam`, `nameTeam`) VALUES
('CDH', 'Core EE'),
('CDM', 'Core ME'),
('CDS', 'Core SW'),
('EE', 'EE'),
('FT', 'FT'),
('HR', 'Human Resources'),
('ME', 'ME'),
('Mgmt', 'Mgmt'),
('PM', 'PM'),
('QA', 'QA'),
('SE', 'SE'),
('SW', 'SW');

-- --------------------------------------------------------

--
-- Estructura de tabla para la tabla `training`
--

CREATE TABLE `training` (
  `idTraining` int(11) NOT NULL,
  `nameTraining` varchar(255) NOT NULL,
  `levelTraining` int(11) NOT NULL,
  `learningMode` int(11) NOT NULL
) ENGINE=InnoDB DEFAULT CHARSET=latin1;

--
-- Índices para tablas volcadas
--

--
-- Indices de la tabla `countries`
--
ALTER TABLE `countries`
  ADD PRIMARY KEY (`id`);

--
-- Indices de la tabla `employee`
--
ALTER TABLE `employee`
  ADD PRIMARY KEY (`idEmployee`,`idLocation`),
  ADD KEY `fk_Employee_Location1_idx` (`idLocation`),
  ADD KEY `idTeam_idx` (`idTeam`);

--
-- Indices de la tabla `employee_has_role`
--
ALTER TABLE `employee_has_role`
  ADD PRIMARY KEY (`idEmployee`,`idRole`),
  ADD KEY `idEmployee_idx` (`idEmployee`),
  ADD KEY `idRole_idx` (`idRole`);

--
-- Indices de la tabla `employee_has_skill`
--
ALTER TABLE `employee_has_skill`
  ADD PRIMARY KEY (`idEmployee`,`idSkill`),
  ADD KEY `idEmployee_idx` (`idEmployee`),
  ADD KEY `idSkill` (`idSkill`);

--
-- Indices de la tabla `group`
--
ALTER TABLE `group`
  ADD PRIMARY KEY (`idGroup`);

--
-- Indices de la tabla `group_has_employee`
--
ALTER TABLE `group_has_employee`
  ADD PRIMARY KEY (`idGroup`,`idEmployee`),
  ADD KEY `fk_Group_has_Employee_Employee1_idx` (`idEmployee`),
  ADD KEY `fk_Group_has_Employee_Group1_idx` (`idGroup`);

--
-- Indices de la tabla `group_has_skill`
--
ALTER TABLE `group_has_skill`
  ADD PRIMARY KEY (`idGroup`,`idSkill`),
  ADD KEY `fk_Group_has_Skill_Skill1_idx` (`idSkill`),
  ADD KEY `fk_Group_has_Skill_Group1_idx` (`idGroup`);

--
-- Indices de la tabla `location`
--
ALTER TABLE `location`
  ADD PRIMARY KEY (`idLocation`);

--
-- Indices de la tabla `log`
--
ALTER TABLE `log`
  ADD PRIMARY KEY (`idLog`,`idEmployee`),
  ADD KEY `fk_Log_Employee1_idx` (`idEmployee`);

--
-- Indices de la tabla `role`
--
ALTER TABLE `role`
  ADD PRIMARY KEY (`idRole`);

--
-- Indices de la tabla `role_has_skill`
--
ALTER TABLE `role_has_skill`
  ADD PRIMARY KEY (`idRole`,`idSkill`),
  ADD KEY `fk_Role_has_Skill_Skill1_idx` (`idSkill`),
  ADD KEY `fk_Role_has_Skill_Role1_idx` (`idRole`);

--
-- Indices de la tabla `skill`
--
ALTER TABLE `skill`
  ADD PRIMARY KEY (`idSkill`);

--
-- Indices de la tabla `skill_has_skill`
--
ALTER TABLE `skill_has_skill`
  ADD PRIMARY KEY (`idSkill_has_Skill`,`idSkill_parent`,`idSkill_child`),
  ADD KEY `idSkill_parent_idx` (`idSkill_parent`),
  ADD KEY `idSkill_child_idx` (`idSkill_child`);

--
-- Indices de la tabla `skill_has_training`
--
ALTER TABLE `skill_has_training`
  ADD PRIMARY KEY (`idSkill`,`idTraining`),
  ADD KEY `fk_Skill_has_Training_Training1_idx` (`idTraining`),
  ADD KEY `fk_Skill_has_Training_Skill1_idx` (`idSkill`);

--
-- Indices de la tabla `tbl_user`
--
ALTER TABLE `tbl_user`
  ADD PRIMARY KEY (`id`);

--
-- Indices de la tabla `team`
--
ALTER TABLE `team`
  ADD PRIMARY KEY (`idTeam`);

--
-- Indices de la tabla `training`
--
ALTER TABLE `training`
  ADD PRIMARY KEY (`idTraining`);

--
-- AUTO_INCREMENT de las tablas volcadas
--

--
-- AUTO_INCREMENT de la tabla `countries`
--
ALTER TABLE `countries`
  MODIFY `id` int(10) NOT NULL AUTO_INCREMENT, AUTO_INCREMENT=6;
--
-- AUTO_INCREMENT de la tabla `role`
--
ALTER TABLE `role`
  MODIFY `idRole` int(11) NOT NULL AUTO_INCREMENT;
--
-- AUTO_INCREMENT de la tabla `skill`
--
ALTER TABLE `skill`
  MODIFY `idSkill` int(11) NOT NULL AUTO_INCREMENT, AUTO_INCREMENT=4391;
--
-- AUTO_INCREMENT de la tabla `skill_has_skill`
--
ALTER TABLE `skill_has_skill`
  MODIFY `idSkill_has_Skill` int(11) NOT NULL AUTO_INCREMENT, AUTO_INCREMENT=881;
--
-- AUTO_INCREMENT de la tabla `tbl_user`
--
ALTER TABLE `tbl_user`
  MODIFY `id` int(11) NOT NULL AUTO_INCREMENT, AUTO_INCREMENT=22;
--
-- Restricciones para tablas volcadas
--

--
-- Filtros para la tabla `employee`
--
ALTER TABLE `employee`
  ADD CONSTRAINT `idLocation` FOREIGN KEY (`idLocation`) REFERENCES `location` (`idLocation`) ON DELETE CASCADE ON UPDATE CASCADE,
  ADD CONSTRAINT `idTeam` FOREIGN KEY (`idTeam`) REFERENCES `team` (`idTeam`) ON DELETE CASCADE ON UPDATE CASCADE;

--
-- Filtros para la tabla `employee_has_role`
--
ALTER TABLE `employee_has_role`
  ADD CONSTRAINT `fk_idEmployee` FOREIGN KEY (`idEmployee`) REFERENCES `employee` (`idEmployee`) ON DELETE CASCADE ON UPDATE CASCADE,
  ADD CONSTRAINT `fk_idRole` FOREIGN KEY (`idRole`) REFERENCES `role` (`idRole`) ON DELETE CASCADE ON UPDATE CASCADE;

--
-- Filtros para la tabla `employee_has_skill`
--
ALTER TABLE `employee_has_skill`
  ADD CONSTRAINT `idEmployee` FOREIGN KEY (`idEmployee`) REFERENCES `employee` (`idEmployee`) ON DELETE CASCADE ON UPDATE CASCADE,
  ADD CONSTRAINT `idSkill` FOREIGN KEY (`idSkill`) REFERENCES `skill` (`idSkill`) ON DELETE CASCADE ON UPDATE CASCADE;

--
-- Filtros para la tabla `group_has_employee`
--
ALTER TABLE `group_has_employee`
  ADD CONSTRAINT `fk_Group_has_Employee_Employee1` FOREIGN KEY (`idEmployee`) REFERENCES `employee` (`idEmployee`) ON DELETE CASCADE ON UPDATE CASCADE,
  ADD CONSTRAINT `fk_Group_has_Employee_Group1` FOREIGN KEY (`idGroup`) REFERENCES `group` (`idGroup`) ON DELETE CASCADE ON UPDATE CASCADE;

--
-- Filtros para la tabla `group_has_skill`
--
ALTER TABLE `group_has_skill`
  ADD CONSTRAINT `fk_Group_has_Skill_Group1` FOREIGN KEY (`idGroup`) REFERENCES `group` (`idGroup`) ON DELETE CASCADE ON UPDATE CASCADE,
  ADD CONSTRAINT `fk_Group_has_Skill_Skill1` FOREIGN KEY (`idSkill`) REFERENCES `skill` (`idSkill`) ON DELETE CASCADE ON UPDATE CASCADE;

--
-- Filtros para la tabla `log`
--
ALTER TABLE `log`
  ADD CONSTRAINT `fk_Log_Employee1` FOREIGN KEY (`idEmployee`) REFERENCES `employee` (`idEmployee`) ON DELETE CASCADE ON UPDATE CASCADE;

--
-- Filtros para la tabla `role_has_skill`
--
ALTER TABLE `role_has_skill`
  ADD CONSTRAINT `fk_Role_has_Skill_Role1` FOREIGN KEY (`idRole`) REFERENCES `role` (`idRole`) ON DELETE CASCADE ON UPDATE CASCADE,
  ADD CONSTRAINT `fk_Role_has_Skill_Skill1` FOREIGN KEY (`idSkill`) REFERENCES `skill` (`idSkill`) ON DELETE CASCADE ON UPDATE CASCADE;

--
-- Filtros para la tabla `skill_has_skill`
--
ALTER TABLE `skill_has_skill`
  ADD CONSTRAINT `idSkill_child` FOREIGN KEY (`idSkill_child`) REFERENCES `skill` (`idSkill`) ON DELETE CASCADE ON UPDATE CASCADE,
  ADD CONSTRAINT `idSkill_parent` FOREIGN KEY (`idSkill_parent`) REFERENCES `skill` (`idSkill`) ON DELETE CASCADE ON UPDATE CASCADE;

--
-- Filtros para la tabla `skill_has_training`
--
ALTER TABLE `skill_has_training`
  ADD CONSTRAINT `fk_Skill_has_Training_Skill1` FOREIGN KEY (`idSkill`) REFERENCES `skill` (`idSkill`) ON DELETE CASCADE ON UPDATE CASCADE,
  ADD CONSTRAINT `fk_Skill_has_Training_Training1` FOREIGN KEY (`idTraining`) REFERENCES `training` (`idTraining`) ON DELETE CASCADE ON UPDATE CASCADE;
COMMIT;

/*!40101 SET CHARACTER_SET_CLIENT=@OLD_CHARACTER_SET_CLIENT */;
/*!40101 SET CHARACTER_SET_RESULTS=@OLD_CHARACTER_SET_RESULTS */;
/*!40101 SET COLLATION_CONNECTION=@OLD_COLLATION_CONNECTION */;
